Index,名称,読み,部位,スキル1,スキル1Lv,スキル2,スキル2Lv,スキル3,スキル3Lv,シリーズ１,シリーズ2,シリーズ3,レア度,初期,最大,カスタム,スロット1,スロット2,スロット3,スロット4,火,水,雷,氷,龍
1,レザーヘッド,れざーへっど,11,4050,1,,,,,,,,1,2,38,68,0,0,0,0,2,0,0,0,0
2,レザーベスト,れざーべすと,12,,,,,,,,,,1,2,38,68,0,0,0,0,2,0,0,0,0
3,レザーグラブ,れざーぐらぶ,13,,,,,,,,,,1,2,38,68,0,0,0,0,2,0,0,0,0
4,レザーベルト,れざーべると,14,,,,,,,,,,1,2,38,68,0,0,0,0,2,0,0,0,0
5,レザーパンツ,れざーぱんつ,15,,,,,,,,,,1,2,38,68,0,0,0,0,2,0,0,0,0
6,チェーンヘッド,ちぇーんへっど,11,6010,1,,,,,,,,1,2,38,68,0,0,0,0,0,2,0,0,0
7,チェーンベスト,ちぇーんべすと,12,,,,,,,,,,1,2,38,68,0,0,0,0,0,2,0,0,0
8,チェーングラブ,ちぇーんぐらぶ,13,,,,,,,,,,1,2,38,68,0,0,0,0,0,2,0,0,0
9,チェーンベルト,ちぇーんべると,14,,,,,,,,,,1,2,38,68,0,0,0,0,0,2,0,0,0
10,チェーンパンツ,ちぇーんぱんつ,15,,,,,,,,,,1,2,38,68,0,0,0,0,0,2,0,0,0
11,ハンターヘルム,はんたーへるむ,11,6130,1,,,,,,,,1,6,42,72,0,0,0,0,2,2,0,0,0
12,ハンターメイル,はんたーめいる,12,6080,1,,,,,,,,1,6,42,72,0,0,0,0,2,2,0,0,0
13,ハンターアーム,はんたーあーむ,13,6160,1,,,,,,,,1,6,42,72,0,0,0,0,2,2,0,0,0
14,ハンターコイル,はんたーこいる,14,6140,1,,,,,,,,1,6,42,72,0,0,0,0,2,2,0,0,0
15,ハンターグリーヴ,はんたーぐりーヴ,15,6120,1,,,,,,,,1,6,42,72,0,0,0,0,2,2,0,0,0
16,ボーンヘルム,ぼーんへるむ,11,4060,1,,,,,,,,1,6,42,72,0,0,0,0,2,0,2,0,2
17,ボーンメイル,ぼーんめいる,12,2010,1,,,,,,,,1,6,42,72,0,0,0,0,2,0,2,0,2
18,ボーンアーム,ぼーんあーむ,13,2170,1,,,,,,,,1,6,42,72,0,0,0,0,2,0,2,0,2
19,ボーンコイル,ぼーんこいる,14,2330,1,,,,,,,,1,6,42,72,0,0,0,0,2,0,2,0,2
20,ボーングリーヴ,ぼーんぐりーヴ,15,6090,1,,,,,,,,1,6,42,72,0,0,0,0,2,0,2,0,2
21,ランゴヘルム,らんごへるむ,11,2340,1,,,,,,,,1,8,44,74,0,0,0,0,-2,1,1,1,2
22,ランゴメイル,らんごめいる,12,3260,1,,,,,,,,1,8,44,74,0,0,0,0,-2,1,1,1,2
23,ランゴアーム,らんごあーむ,13,2120,1,,,,,,,,1,8,44,74,0,0,0,0,-2,1,1,1,2
24,ランゴコイル,らんごこいる,14,3140,1,,,,,,,,1,8,44,74,0,0,0,0,-2,1,1,1,2
25,ランゴグリーヴ,らんごぐりーヴ,15,6030,1,,,,,,,,1,8,44,74,0,0,0,0,-2,1,1,1,2
26,ジャグラスヘルム,じゃぐらすへるむ,11,4120,1,,,,,,,,1,8,44,74,0,0,0,0,-2,2,-1,-1,1
27,ジャグラスメイル,じゃぐらすめいる,12,6170,1,,,,,,,,1,8,44,74,0,0,0,0,-2,2,-1,-1,1
28,ジャグラスアーム,じゃぐらすあーむ,13,6220,1,,,,,,,,1,8,44,74,0,0,0,0,-2,2,-1,-1,1
29,ジャグラスコイル,じゃぐらすこいる,14,2370,1,,,,,,,,1,8,44,74,0,0,0,0,-2,2,-1,-1,1
30,ジャグラスグリーヴ,じゃぐらすぐりーヴ,15,6180,1,,,,,,,,1,8,44,74,0,0,0,0,-2,2,-1,-1,1
31,クルルヘルム,くるるへるむ,11,3070,1,,,,,,,,1,10,46,76,0,0,0,0,0,-3,0,1,0
32,クルルメイル,くるるめいる,12,4030,1,,,,,,,,1,10,46,76,0,0,0,0,0,-3,0,1,0
33,クルルアーム,くるるあーむ,13,6100,1,,,,,,,,1,10,46,76,0,0,0,0,0,-3,0,1,0
34,クルルコイル,くるるこいる,14,4130,1,,,,,,,,1,10,46,76,0,0,0,0,0,-3,0,1,0
35,クルルグリーヴ,くるるぐりーヴ,15,2020,1,,,,,,,,1,10,46,76,0,0,0,0,0,-3,0,1,0
36,プケプケヘルム,ぷけぷけへるむ,11,4100,1,,,,,,,,1,12,44,70,0,0,0,0,0,3,-3,0,1
37,プケプケメイル,ぷけぷけめいる,12,4130,1,,,,,,,,1,12,44,70,0,0,0,0,0,3,-3,0,1
38,プケプケアーム,ぷけぷけあーむ,13,3130,1,,,,,,,,1,12,44,70,0,0,0,0,0,3,-3,0,1
39,プケプケコイル,ぷけぷけこいる,14,2110,1,,,,,,,,1,12,44,70,0,0,0,0,0,3,-3,0,1
40,プケプケグリーヴ,ぷけぷけぐりーヴ,15,6060,1,,,,,,,,1,12,44,70,0,0,0,0,0,3,-3,0,1
41,ケストガード,けすとがーど,13,2320,1,,,,,,,,1,12,48,78,0,0,0,0,4,0,0,0,0
42,ガライーブーツ,がらいーぶーつ,15,3210,1,,,,,,,,1,12,48,78,0,0,0,0,0,5,0,0,0
43,アロイヘルム,あろいへるむ,11,3260,1,,,,,,,,2,8,40,66,0,0,0,0,-2,1,-2,-2,1
44,アロイメイル,あろいめいる,12,3090,1,,,,,,,,2,8,40,66,0,0,0,0,-2,1,-2,-2,1
45,アロイアーム,あろいあーむ,13,3010,1,,,,,,,,2,8,40,66,0,0,0,0,-2,1,-2,-2,1
46,アロイコイル,あろいこいる,14,3130,1,,,,,,,,2,8,40,66,0,0,0,0,-2,1,-2,-2,1
47,アロイグリーヴ,あろいぐりーヴ,15,2350,1,,,,,,,,2,8,40,66,0,0,0,0,-2,1,-2,-2,1
48,ボロスヘルム,ぼろすへるむ,11,3040,1,,,,,,,,2,14,42,72,0,0,0,0,-3,-1,3,-1,0
49,ボロスメイル,ぼろすめいる,12,2190,1,,,,,,,,2,14,42,72,0,0,0,0,-3,-1,3,-1,0
50,ボロスアーム,ぼろすあーむ,13,4020,1,,,,,,,,2,14,42,72,0,0,0,0,-3,-1,3,-1,0
51,ボロスコイル,ぼろすこいる,14,3200,1,,,,,,,,2,14,42,72,0,0,0,0,-3,-1,3,-1,0
52,ボロスグリーヴ,ぼろすぐりーヴ,15,3120,1,,,,,,,,2,14,42,72,0,0,0,0,-3,-1,3,-1,0
53,ジュラヘルム,じゅらへるむ,11,3210,1,,,,,,,,2,14,46,72,0,0,0,0,-1,2,-3,0,0
54,ジュラメイル,じゅらめいる,12,3200,1,,,,,,,,2,14,46,72,0,0,0,0,-1,2,-3,0,0
55,ジュラアーム,じゅらあーむ,13,2070,1,,,,,,,,2,14,46,72,0,0,0,0,-1,2,-3,0,0
56,ジュラコイル,じゅらこいる,14,3100,1,,,,,,,,2,14,46,72,0,0,0,0,-1,2,-3,0,0
57,ジュラグリーヴ,じゅらぐりーヴ,15,2290,1,,,,,,,,2,14,46,72,0,0,0,0,-1,2,-3,0,0
58,カガチヘルム,かがちへるむ,11,4010,1,,,,,,,,2,16,48,74,0,0,0,0,0,-3,3,0,0
59,カガチメイル,かがちめいる,12,2400,1,,,,,,,,2,16,48,74,0,0,0,0,0,-3,3,0,0
60,カガチアーム,かがちあーむ,13,3060,1,,,,,,,,2,16,48,74,0,0,0,0,0,-3,3,0,0
61,カガチコイル,かがちこいる,14,2080,1,,,,,,,,2,16,48,74,0,0,0,0,0,-3,3,0,0
62,カガチグリーヴ,かがちぐりーヴ,15,3080,1,,,,,,,,2,16,48,74,0,0,0,0,0,-3,3,0,0
63,ハイメタヘルム,はいめたへるむ,11,3100,1,,,,,,,,3,18,46,70,0,0,0,0,0,-3,3,0,0
64,ハイメタメイル,はいめためいる,12,3250,1,,,,,,,,3,18,46,70,0,0,0,0,0,-3,3,0,0
65,ハイメタアーム,はいめたあーむ,13,3010,1,,,,,,,,3,18,46,70,0,0,0,0,0,-3,3,0,0
66,ハイメタコイル,はいめたこいる,14,2220,1,,,,,,,,3,18,46,70,0,0,0,0,0,-3,3,0,0
67,ハイメタグリーヴ,はいめたぐりーヴ,15,2240,1,,,,,,,,3,18,46,70,0,0,0,0,0,-3,3,0,0
68,タロスヘルム,たろすへるむ,11,6210,1,,,,,,,,3,18,46,70,0,0,0,0,-1,-1,0,0,2
69,タロスメイル,たろすめいる,12,3220,1,,,,,,,,3,18,46,70,0,0,0,0,-1,-1,0,0,2
70,タロスアーム,たろすあーむ,13,4140,1,,,,,,,,3,18,46,70,0,0,0,0,-1,-1,0,0,2
71,タロスコイル,たろすこいる,14,6020,1,,,,,,,,3,18,46,70,0,0,0,0,-1,-1,0,0,2
72,タロスグリーヴ,たろすぐりーヴ,15,2030,1,,,,,,,,3,18,46,70,0,0,0,0,-1,-1,0,0,2
73,ツィツィヘルム,つぃつぃへるむ,11,6200,1,,,,,,,,3,18,46,70,0,0,0,0,0,0,-3,-2,0
74,ツィツィメイル,つぃつぃめいる,12,4010,1,,,,,,,,3,18,46,70,0,0,0,0,0,0,-3,-2,0
75,ツィツィアーム,つぃつぃあーむ,13,3120,1,,,,,,,,3,18,46,70,0,0,0,0,0,0,-3,-2,0
76,ツィツィコイル,つぃつぃこいる,14,4090,1,,,,,,,,3,18,46,70,0,0,0,0,0,0,-3,-2,0
77,ツィツィグリーヴ,つぃつぃぐりーヴ,15,3150,1,,,,,,,,3,18,46,70,0,0,0,0,0,0,-3,-2,0
78,ジャナフヘルム,じゃなふへるむ,11,2090,1,,,,,400,,,3,20,48,72,0,0,0,0,3,-3,-1,-1,0
79,ジャナフメイル,じゃなふめいる,12,4020,1,,,,,400,,,3,20,48,72,0,0,0,0,3,-3,-1,-1,0
80,ジャナフアーム,じゃなふあーむ,13,5040,1,,,,,400,,,3,20,48,72,0,0,0,0,3,-3,-1,-1,0
81,ジャナフコイル,じゃなふこいる,14,3070,1,,,,,400,,,3,20,48,72,0,0,0,0,3,-3,-1,-1,0
82,ジャナフグリーブ,じゃなふぐりーぶ,15,2230,1,,,,,400,,,3,20,48,72,0,0,0,0,3,-3,-1,-1,0
83,ウルムーヘルム,うるむーへるむ,11,4030,1,,,,,,,,3,20,48,72,0,0,0,0,-3,2,0,1,0
84,ウルムーメイル,うるむーめいる,12,2380,1,,,,,,,,3,20,48,72,0,0,0,0,-3,2,0,1,0
85,ウルムーアーム,うるむーあーむ,13,2230,1,,,,,,,,3,20,48,72,0,0,0,0,-3,2,0,1,0
86,ウルムーコイル,うるむーこいる,14,3020,1,,,,,,,,3,20,48,72,0,0,0,0,-3,2,0,1,0
87,ウルムーグリーヴ,うるむーぐりーヴ,15,3260,1,,,,,,,,3,20,48,72,0,0,0,0,-3,2,0,1,0
88,ギルオスヘルム,ぎるおすへるむ,11,2330,1,,,,,,,,3,20,48,72,0,0,0,0,0,-3,2,0,1
89,ギルオスメイル,ぎるおすめいる,12,3140,1,,,,,,,,3,20,48,72,0,0,0,0,0,-3,2,0,1
90,ギルオスアーム,ぎるおすあーむ,13,6220,1,,,,,,,,3,20,48,72,0,0,0,0,0,-3,2,0,1
91,ギルオスコイル,ぎるおすこいる,14,3220,1,,,,,,,,3,20,48,72,0,0,0,0,0,-3,2,0,1
92,ギルオスグリーヴ,ぎるおすぐりーヴ,15,2120,1,,,,,,,,3,20,48,72,0,0,0,0,0,-3,2,0,1
93,オウビートテスタ,おうびーとてすた,11,3050,1,,,,,,,,3,22,50,74,0,0,0,0,-1,-1,2,0,2
94,オウビートペット,おうびーとぺっと,12,2340,1,,,,,,,,3,22,50,74,0,0,0,0,-1,-1,2,0,2
95,オウビートマーノ,おうびーとまーの,13,2420,1,,,,,,,,3,22,50,74,0,0,0,0,-1,-1,2,0,2
96,オウビートアンカ,おうびーとあんか,14,6030,1,,,,,,,,3,22,50,74,0,0,0,0,-1,-1,2,0,2
97,オウビートガンバ,おうびーとがんば,15,6040,1,,,,,,,,3,22,50,74,0,0,0,0,-1,-1,2,0,2
98,パピメルテスタ,ぱぴめるてすた,11,3050,1,,,,,,,,3,22,50,74,0,0,0,0,-1,-1,2,0,2
99,パピメルペット,ぱぴめるぺっと,12,2340,1,,,,,,,,3,22,50,74,0,0,0,0,-1,-1,2,0,2
100,パピメルマーノ,ぱぴめるまーの,13,2420,1,,,,,,,,3,22,50,74,0,0,0,0,-1,-1,2,0,2
101,パピメルアンカ,ぱぴめるあんか,14,6030,1,,,,,,,,3,22,50,74,0,0,0,0,-1,-1,2,0,2
102,パピメルガンバ,ぱぴめるがんば,15,6040,1,,,,,,,,3,22,50,74,0,0,0,0,-1,-1,2,0,2
103,レイアヘルム,れいあへるむ,11,4060,1,,,,,,,,3,22,50,74,0,0,0,0,2,0,-2,0,-3
104,レイアメイル,れいあめいる,12,6060,1,,,,,,,,3,22,50,74,0,0,0,0,2,0,-2,0,-3
105,レイアアーム,れいああーむ,13,2110,1,,,,,,,,3,22,50,74,0,0,0,0,2,0,-2,0,-3
106,レイアコイル,れいあこいる,14,3130,1,,,,,,,,3,22,50,74,0,0,0,0,2,0,-2,0,-3
107,レイアグリーヴ,れいあぐりーヴ,15,4070,1,,,,,,,,3,22,50,74,0,0,0,0,2,0,-2,0,-3
108,バルキンヘルム,ばるきんへるむ,11,2170,1,,,,,,,,3,24,52,76,0,0,0,0,0,2,0,-1,-2
109,バルキンメイル,ばるきんめいる,12,3150,1,,,,,,,,3,24,52,76,0,0,0,0,0,2,0,-1,-2
110,バルキンアーム,ばるきんあーむ,13,2140,1,,,,,,,,3,24,52,76,0,0,0,0,0,2,0,-1,-2
111,バルキンコイル,ばるきんこいる,14,3040,1,,,,,,,,3,24,52,76,0,0,0,0,0,2,0,-1,-2
112,バルキングリーヴ,ばるきんぐりーヴ,15,3240,1,,,,,,,,3,24,52,76,0,0,0,0,0,2,0,-1,-2
113,シャムゴーグル,しゃむごーぐる,11,6050,1,,,,,,,,3,22,50,74,0,0,0,0,2,2,0,-3,0
114,インゴットヘルム,いんごっとへるむ,11,2080,1,,,,,,,,4,28,52,72,0,0,0,0,-2,0,3,-1,0
115,インゴットメイル,いんごっとめいる,12,3080,1,,,,,,,,4,28,52,72,0,0,0,0,-2,0,3,-1,0
116,インゴットアーム,いんごっとあーむ,13,4060,1,,,,,,,,4,28,52,72,0,0,0,0,-2,0,3,-1,0
117,インゴットコイル,いんごっとこいる,14,3260,1,,,,,,,,4,28,52,72,0,0,0,0,-2,0,3,-1,0
118,インゴットグリーヴ,いんごっとぐりーヴ,15,3010,1,,,,,,,,4,28,52,72,0,0,0,0,-2,0,3,-1,0
119,ブリゲイドロポス,ぶりげいどろぽす,11,4080,1,,,,,,,,4,28,52,72,0,0,0,0,1,0,2,0,2
120,ブリゲイドスーツ,ぶりげいどすーつ,12,3020,1,,,,,,,,4,28,52,72,0,0,0,0,1,0,2,0,2
121,ブリゲイドアーム,ぶりげいどあーむ,13,2240,1,,,,,,,,4,28,52,72,0,0,0,0,1,0,2,0,2
122,ブリゲイドコイル,ぶりげいどこいる,14,6070,1,,,,,,,,4,28,52,72,0,0,0,0,1,0,2,0,2
123,ブリゲイドブーツ,ぶりげいどぶーつ,15,6150,1,,,,,,,,4,28,52,72,0,0,0,0,1,0,2,0,2
124,ギエナヘルム,ぎえなへるむ,11,3020,1,,,,,550,,,4,30,54,74,0,0,0,0,-1,2,-3,3,0
125,ギエナメイル,ぎえなめいる,12,3050,1,,,,,550,,,4,30,54,74,0,0,0,0,-1,2,-3,3,0
126,ギエナアーム,ぎえなあーむ,13,2410,1,,,,,550,,,4,30,54,74,0,0,0,0,-1,2,-3,3,0
127,ギエナコイル,ぎえなこいる,14,2100,1,,,,,550,,,4,30,54,74,0,0,0,0,-1,2,-3,3,0
128,ギエナグリーヴ,ぎえなぐりーヴ,15,3100,1,,,,,550,,,4,30,54,74,0,0,0,0,-1,2,-3,3,0
129,ガロンヘルム,がろんへるむ,11,3240,1,,,,,110,,,4,30,54,74,0,0,0,0,2,2,-2,-3,0
130,ガロンメイル,がろんめいる,12,2350,1,,,,,110,,,4,30,54,74,0,0,0,0,2,2,-2,-3,0
131,ガロンアーム,がろんあーむ,13,4010,1,,,,,110,,,4,30,54,74,0,0,0,0,2,2,-2,-3,0
132,ガロンコイル,がろんこいる,14,2020,1,,,,,110,,,4,30,54,74,0,0,0,0,2,2,-2,-3,0
133,ガロングリーヴ,がろんぐりーヴ,15,2340,1,,,,,110,,,4,30,54,74,0,0,0,0,2,2,-2,-3,0
134,レウスヘルム,れうすへるむ,11,2010,1,,,,,170,,,4,30,54,74,0,0,0,0,3,1,-2,1,-3
135,レウスメイル,れうすめいる,12,2260,1,,,,,170,,,4,30,54,74,0,0,0,0,3,1,-2,1,-3
136,レウスアーム,れうすあーむ,13,3070,1,,,,,170,,,4,30,54,74,0,0,0,0,3,1,-2,1,-3
137,レウスコイル,れうすこいる,14,2090,1,,,,,170,,,4,30,54,74,0,0,0,0,3,1,-2,1,-3
138,レウスグリーヴ,れうすぐりーヴ,15,2400,1,,,,,170,,,4,30,54,74,0,0,0,0,3,1,-2,1,-3
139,デスギアゲヒル,ですぎあげひる,11,2360,1,,,,,,,,4,32,56,76,0,0,0,0,3,2,-2,3,-4
140,デスギアムスケル,ですぎあむすける,12,2370,1,,,,,,,,4,32,56,76,0,0,0,0,3,2,-2,3,-4
141,デスギアファオスト,ですぎあふぁおすと,13,2290,1,,,,,,,,4,32,56,76,0,0,0,0,3,2,-2,3,-4
142,デスギアナーベル,ですぎあなーべる,14,2130,1,,,,,,,,4,32,56,76,0,0,0,0,3,2,-2,3,-4
143,デスギアフェルゼ,ですぎあふぇるぜ,15,2030,1,,,,,,,,4,32,56,76,0,0,0,0,3,2,-2,3,-4
144,ディアブロヘルム,でぃあぶろへるむ,11,2250,1,,,,,80,,,4,32,56,76,0,0,0,0,3,-2,0,-3,2
145,ディアブロメイル,でぃあぶろめいる,12,2170,1,,,,,80,,,4,32,56,76,0,0,0,0,3,-2,0,-3,2
146,ディアブロアーム,でぃあぶろあーむ,13,2050,1,,,,,80,,,4,32,56,76,0,0,0,0,3,-2,0,-3,2
147,ディアブロコイル,でぃあぶろこいる,14,4020,1,,,,,80,,,4,32,56,76,0,0,0,0,3,-2,0,-3,2
148,ディアブログリーヴ,でぃあぶろぐりーヴ,15,3270,1,,,,,80,,,4,32,56,76,0,0,0,0,3,-2,0,-3,2
149,キリンホーン,きりんほーん,11,4020,1,,,,,620,,,4,34,58,78,0,0,0,0,-3,-2,4,-2,2
150,キリンベスト,きりんべすと,12,3160,1,,,,,620,,,4,34,58,78,0,0,0,0,-3,-2,4,-2,2
151,キリンアームロング,きりんあーむろんぐ,13,3020,1,,,,,620,,,4,34,58,78,0,0,0,0,-3,-2,4,-2,2
152,キリンフープ,きりんふーぷ,14,2080,1,,,,,620,,,4,34,58,78,0,0,0,0,-3,-2,4,-2,2
153,キリンレガース,きりんれがーす,15,3080,1,,,,,620,,,4,34,58,78,0,0,0,0,-3,-2,4,-2,2
154,爆砕の羽根飾り,ばくさいのはねかざり,11,2390,3,,,,,,,,4,32,56,76,0,0,0,0,0,0,0,0,0
155,レザーヘッドα,れざーへっど,11,4050,2,,,,,,,,5,32,54,70,0,0,0,0,2,0,0,0,0
156,レザーベストα,れざーべすと,12,3070,1,,,,,,,,5,32,54,70,0,0,0,0,2,0,0,0,0
157,レザーグラブα,れざーぐらぶ,13,4080,1,,,,,,,,5,32,54,70,0,0,0,0,2,0,0,0,0
158,レザーベルトα,れざーべると,14,4030,1,,,,,,,,5,32,54,70,0,0,0,0,2,0,0,0,0
159,レザーパンツα,れざーぱんつ,15,4040,1,,,,,,,,5,32,54,70,0,0,0,0,2,0,0,0,0
160,レザーヘッドβ,れざーへっど,11,4050,1,,,,,,,,5,32,54,70,1,0,0,0,2,0,0,0,0
161,レザーベストβ,れざーべすと,12,,,,,,,,,,5,32,54,70,1,0,0,0,2,0,0,0,0
162,レザーグラブβ,れざーぐらぶ,13,,,,,,,,,,5,32,54,70,1,0,0,0,2,0,0,0,0
163,レザーベルトβ,れざーべると,14,,,,,,,,,,5,32,54,70,1,0,0,0,2,0,0,0,0
164,レザーパンツβ,れざーぱんつ,15,,,,,,,,,,5,32,54,70,1,0,0,0,2,0,0,0,0
165,チェーンヘッドα,ちぇーんへっど,11,6010,1,3040,1,,,,,,5,32,54,70,0,0,0,0,0,2,0,0,0
166,チェーンベストα,ちぇーんべすと,12,3090,1,,,,,,,,5,32,54,70,0,0,0,0,0,2,0,0,0
167,チェーングラブα,ちぇーんぐらぶ,13,4080,1,,,,,,,,5,32,54,70,0,0,0,0,0,2,0,0,0
168,チェーンベルトα,ちぇーんべると,14,2340,1,,,,,,,,5,32,54,70,0,0,0,0,0,2,0,0,0
169,チェーンパンツα,ちぇーんぱんつ,15,4070,1,,,,,,,,5,32,54,70,0,0,0,0,0,2,0,0,0
170,チェーンヘッドβ,ちぇーんへっど,11,6010,1,,,,,,,,5,32,54,70,1,0,0,0,0,2,0,0,0
171,チェーンベストβ,ちぇーんべすと,12,,,,,,,,,,5,32,54,70,1,0,0,0,0,2,0,0,0
172,チェーングラブβ,ちぇーんぐらぶ,13,,,,,,,,,,5,32,54,70,1,0,0,0,0,2,0,0,0
173,チェーンベルトβ,ちぇーんべると,14,,,,,,,,,,5,32,54,70,1,0,0,0,0,2,0,0,0
174,チェーンパンツβ,ちぇーんぱんつ,15,,,,,,,,,,5,32,54,70,1,0,0,0,0,2,0,0,0
175,ハンターヘルムα,はんたーへるむ,11,6130,1,6150,1,,,,,,5,36,58,74,0,0,0,0,2,2,0,0,0
176,ハンターメイルα,はんたーめいる,12,6080,2,,,,,,,,5,36,58,74,0,0,0,0,2,2,0,0,0
177,ハンターアームα,はんたーあーむ,13,6160,2,,,,,,,,5,36,58,74,0,0,0,0,2,2,0,0,0
178,ハンターコイルα,はんたーこいる,14,6010,1,6160,1,,,,,,5,36,58,74,0,0,0,0,2,2,0,0,0
179,ハンターグリーヴα,はんたーぐりーヴ,15,6140,1,6080,1,,,,,,5,36,58,74,0,0,0,0,2,2,0,0,0
180,ハンターヘルムβ,はんたーへるむ,11,6130,1,,,,,,,,5,36,58,74,1,0,0,0,2,2,0,0,0
181,ハンターメイルβ,はんたーめいる,12,6080,1,,,,,,,,5,36,58,74,1,0,0,0,2,2,0,0,0
182,ハンターアームβ,はんたーあーむ,13,6160,1,,,,,,,,5,36,58,74,1,0,0,0,2,2,0,0,0
183,ハンターコイルβ,はんたーこいる,14,6010,1,,,,,,,,5,36,58,74,1,0,0,0,2,2,0,0,0
184,ハンターグリーヴβ,はんたーぐりーヴ,15,6140,1,,,,,,,,5,36,58,74,1,0,0,0,2,2,0,0,0
185,ボーンヘルムα,ぼーんへるむ,11,4060,1,6090,1,,,,,,5,36,58,74,0,0,0,0,2,0,2,0,2
186,ボーンメイルα,ぼーんめいる,12,2010,2,,,,,,,,5,36,58,74,0,0,0,0,2,0,2,0,2
187,ボーンアームα,ぼーんあーむ,13,2170,1,2010,1,,,,,,5,36,58,74,0,0,0,0,2,0,2,0,2
188,ボーンコイルα,ぼーんこいる,14,2330,1,6110,1,,,,,,5,36,58,74,0,0,0,0,2,0,2,0,2
189,ボーングリーヴα,ぼーんぐりーヴ,15,6090,2,,,,,,,,5,36,58,74,0,0,0,0,2,0,2,0,2
190,ボーンヘルムβ,ぼーんへるむ,11,4060,1,,,,,,,,5,36,58,74,1,0,0,0,2,0,2,0,2
191,ボーンメイルβ,ぼーんめいる,12,2010,1,,,,,,,,5,36,58,74,1,0,0,0,2,0,2,0,2
192,ボーンアームβ,ぼーんあーむ,13,2170,1,,,,,,,,5,36,58,74,1,0,0,0,2,0,2,0,2
193,ボーンコイルβ,ぼーんこいる,14,2330,1,,,,,,,,5,36,58,74,1,0,0,0,2,0,2,0,2
194,ボーングリーヴβ,ぼーんぐりーヴ,15,6090,1,,,,,,,,5,36,58,74,1,0,0,0,2,0,2,0,2
195,アロイヘルムα,あろいへるむ,11,3260,1,3010,1,,,,,,5,36,58,74,0,0,0,0,-2,1,-2,-2,1
196,アロイメイルα,あろいめいる,12,3090,2,,,,,,,,5,36,58,74,0,0,0,0,-2,1,-2,-2,1
197,アロイアームα,あろいあーむ,13,3010,1,2350,1,,,,,,5,36,58,74,0,0,0,0,-2,1,-2,-2,1
198,アロイコイルα,あろいこいる,14,3130,1,3090,1,,,,,,5,36,58,74,0,0,0,0,-2,1,-2,-2,1
199,アロイグリーヴα,あろいぐりーヴ,15,2350,2,,,,,,,,5,36,58,74,0,0,0,0,-2,1,-2,-2,1
200,アロイヘルムβ,あろいへるむ,11,3260,1,,,,,,,,5,36,58,74,1,0,0,0,-2,1,-2,-2,1
201,アロイメイルβ,あろいめいる,12,3090,1,,,,,,,,5,36,58,74,1,0,0,0,-2,1,-2,-2,1
202,アロイアームβ,あろいあーむ,13,3010,1,,,,,,,,5,36,58,74,1,0,0,0,-2,1,-2,-2,1
203,アロイコイルβ,あろいこいる,14,3130,1,,,,,,,,5,36,58,74,1,0,0,0,-2,1,-2,-2,1
204,アロイグリーヴβ,あろいぐりーヴ,15,2350,1,,,,,,,,5,36,58,74,1,0,0,0,-2,1,-2,-2,1
205,ランゴヘルムα,らんごへるむ,11,2340,1,2120,1,,,,,,5,38,60,76,0,0,0,0,-2,1,1,1,2
206,ランゴメイルα,らんごめいる,12,3260,2,,,,,,,,5,38,60,76,0,0,0,0,-2,1,1,1,2
207,ランゴアームα,らんごあーむ,13,2120,2,,,,,,,,5,38,60,76,0,0,0,0,-2,1,1,1,2
208,ランゴコイルα,らんごこいる,14,3140,2,,,,,,,,5,38,60,76,0,0,0,0,-2,1,1,1,2
209,ランゴグリーヴα,らんごぐりーヴ,15,6030,1,3140,1,,,,,,5,38,60,76,0,0,0,0,-2,1,1,1,2
210,ランゴヘルムβ,らんごへるむ,11,2340,1,,,,,,,,5,38,60,76,1,0,0,0,-2,1,1,1,2
211,ランゴメイルβ,らんごめいる,12,3260,1,,,,,,,,5,38,60,76,1,0,0,0,-2,1,1,1,2
212,ランゴアームβ,らんごあーむ,13,2120,1,,,,,,,,5,38,60,76,1,0,0,0,-2,1,1,1,2
213,ランゴコイルβ,らんごこいる,14,3140,1,,,,,,,,5,38,60,76,1,0,0,0,-2,1,1,1,2
214,ランゴグリーヴβ,らんごぐりーヴ,15,6030,1,,,,,,,,5,38,60,76,1,0,0,0,-2,1,1,1,2
215,タロスヘルムα,たろすへるむ,11,6210,1,2130,1,,,,,,5,38,60,76,0,0,0,0,-1,-1,0,0,2
216,タロスメイルα,たろすめいる,12,3220,1,4050,1,,,,,,5,38,60,76,0,0,0,0,-1,-1,0,0,2
217,タロスアームα,たろすあーむ,13,4140,1,4050,1,,,,,,5,38,60,76,0,0,0,0,-1,-1,0,0,2
218,タロスコイルα,たろすこいる,14,6020,1,4050,1,,,,,,5,38,60,76,0,0,0,0,-1,-1,0,0,2
219,タロスグリーヴα,たろすぐりーヴ,15,2030,1,2130,1,,,,,,5,38,60,76,0,0,0,0,-1,-1,0,0,2
220,タロスヘルムβ,たろすへるむ,11,6210,1,,,,,,,,5,38,60,76,1,0,0,0,-1,-1,0,0,2
221,タロスメイルβ,たろすめいる,12,3220,1,,,,,,,,5,38,60,76,1,0,0,0,-1,-1,0,0,2
222,タロスアームβ,たろすあーむ,13,4140,1,,,,,,,,5,38,60,76,1,0,0,0,-1,-1,0,0,2
223,タロスコイルβ,たろすこいる,14,6020,1,,,,,,,,5,38,60,76,1,0,0,0,-1,-1,0,0,2
224,タロスグリーヴβ,たろすぐりーヴ,15,2030,1,,,,,,,,5,38,60,76,1,0,0,0,-1,-1,0,0,2
225,ジャグラスヘルムα,じゃぐらすへるむ,11,4120,2,,,,,,,,5,40,62,78,0,0,0,0,-2,2,-1,-1,1
226,ジャグラスメイルα,じゃぐらすめいる,12,6170,2,,,,,,,,5,40,62,78,0,0,0,0,-2,2,-1,-1,1
227,ジャグラスアームα,じゃぐらすあーむ,13,6220,1,6170,1,,,,,,5,40,62,78,0,0,0,0,-2,2,-1,-1,1
228,ジャグラスコイルα,じゃぐらすこいる,14,2370,1,4120,1,,,,,,5,40,62,78,0,0,0,0,-2,2,-1,-1,1
229,ジャグラスグリーヴα,じゃぐらすぐりーヴ,15,6180,1,4140,1,,,,,,5,40,62,78,0,0,0,0,-2,2,-1,-1,1
230,ジャグラスヘルムβ,じゃぐらすへるむ,11,4120,1,,,,,,,,5,40,62,78,1,0,0,0,-2,2,-1,-1,1
231,ジャグラスメイルβ,じゃぐらすめいる,12,6170,1,,,,,,,,5,40,62,78,1,0,0,0,-2,2,-1,-1,1
232,ジャグラスアームβ,じゃぐらすあーむ,13,6220,1,,,,,,,,5,40,62,78,1,0,0,0,-2,2,-1,-1,1
233,ジャグラスコイルβ,じゃぐらすこいる,14,2370,1,,,,,,,,5,40,62,78,1,0,0,0,-2,2,-1,-1,1
234,ジャグラスグリーヴβ,じゃぐらすぐりーヴ,15,6180,1,,,,,,,,5,40,62,78,1,0,0,0,-2,2,-1,-1,1
235,クルルヘルムα,くるるへるむ,11,3070,1,2260,1,,,,,,5,40,62,78,0,0,0,0,0,-3,0,1,0
236,クルルメイルα,くるるめいる,12,4030,1,2020,1,,,,,,5,40,62,78,0,0,0,0,0,-3,0,1,0
237,クルルアームα,くるるあーむ,13,6100,1,2020,1,,,,,,5,40,62,78,0,0,0,0,0,-3,0,1,0
238,クルルコイルα,くるるこいる,14,4130,2,,,,,,,,5,40,62,78,0,0,0,0,0,-3,0,1,0
239,クルルグリーヴα,くるるぐりーヴ,15,2020,1,4130,1,,,,,,5,40,62,78,0,0,0,0,0,-3,0,1,0
240,クルルヘルムβ,くるるへるむ,11,3070,1,,,,,,,,5,40,62,78,1,1,0,0,0,-3,0,1,0
241,クルルメイルβ,くるるめいる,12,4030,1,,,,,,,,5,40,62,78,1,0,0,0,0,-3,0,1,0
242,クルルアームβ,くるるあーむ,13,6100,1,,,,,,,,5,40,62,78,2,0,0,0,0,-3,0,1,0
243,クルルコイルβ,くるるこいる,14,4130,1,,,,,,,,5,40,62,78,2,0,0,0,0,-3,0,1,0
244,クルルグリーヴβ,くるるぐりーヴ,15,2020,1,,,,,,,,5,40,62,78,1,0,0,0,0,-3,0,1,0
245,ツィツィヘルムα,つぃつぃへるむ,11,6200,1,3120,1,,,,,,5,40,62,78,0,0,0,0,0,0,-3,-2,0
246,ツィツィメイルα,つぃつぃめいる,12,4010,1,2070,2,,,,,,5,40,62,78,0,0,0,0,0,0,-3,-2,0
247,ツィツィアームα,つぃつぃあーむ,13,3120,2,4090,1,,,,,,5,40,62,78,0,0,0,0,0,0,-3,-2,0
248,ツィツィコイルα,つぃつぃこいる,14,4090,2,2070,1,,,,,,5,40,62,78,0,0,0,0,0,0,-3,-2,0
249,ツィツィグリーヴα,つぃつぃぐりーヴ,15,3150,2,,,,,,,,5,40,62,78,0,0,0,0,0,0,-3,-2,0
250,ツィツィヘルムβ,つぃつぃへるむ,11,6200,1,,,,,,,,5,40,62,78,1,0,0,0,0,0,-3,-2,0
251,ツィツィメイルβ,つぃつぃめいる,12,4010,1,,,,,,,,5,40,62,78,1,1,0,0,0,0,-3,-2,0
252,ツィツィアームβ,つぃつぃあーむ,13,3120,2,,,,,,,,5,40,62,78,1,0,0,0,0,0,-3,-2,0
253,ツィツィコイルβ,つぃつぃこいる,14,4090,1,,,,,,,,5,40,62,78,2,0,0,0,0,0,-3,-2,0
254,ツィツィグリーヴβ,つぃつぃぐりーヴ,15,3150,1,,,,,,,,5,40,62,78,1,0,0,0,0,0,-3,-2,0
255,ギルオスヘルムα,ぎるおすへるむ,11,2330,1,3140,1,,,,,,5,40,62,78,0,0,0,0,0,-3,2,0,1
256,ギルオスメイルα,ぎるおすめいる,12,3140,2,,,,,,,,5,40,62,78,0,0,0,0,0,-3,2,0,1
257,ギルオスアームα,ぎるおすあーむ,13,6220,2,,,,,,,,5,40,62,78,0,0,0,0,0,-3,2,0,1
258,ギルオスコイルα,ぎるおすこいる,14,3220,1,2120,1,,,,,,5,40,62,78,0,0,0,0,0,-3,2,0,1
259,ギルオスグリーヴα,ぎるおすぐりーヴ,15,2120,2,,,,,,,,5,40,62,78,0,0,0,0,0,-3,2,0,1
260,ギルオスヘルムβ,ぎるおすへるむ,11,2330,1,,,,,,,,5,40,62,78,1,0,0,0,0,-3,2,0,1
261,ギルオスメイルβ,ぎるおすめいる,12,3140,1,,,,,,,,5,40,62,78,1,0,0,0,0,-3,2,0,1
262,ギルオスアームβ,ぎるおすあーむ,13,6220,1,,,,,,,,5,40,62,78,1,0,0,0,0,-3,2,0,1
263,ギルオスコイルβ,ぎるおすこいる,14,3220,1,,,,,,,,5,40,62,78,1,0,0,0,0,-3,2,0,1
264,ギルオスグリーヴβ,ぎるおすぐりーヴ,15,2120,1,,,,,,,,5,40,62,78,1,0,0,0,0,-3,2,0,1
265,オウビートテスタα,おうびーとてすた,11,3050,2,6060,1,,,,,,5,42,64,80,0,0,0,0,-1,-1,2,0,2
266,オウビートペットα,おうびーとぺっと,12,2340,2,6060,1,,,,,,5,42,64,80,0,0,0,0,-1,-1,2,0,2
267,オウビートマーノα,おうびーとまーの,13,6060,2,2420,1,,,,,,5,42,64,80,0,0,0,0,-1,-1,2,0,2
268,オウビートアンカα,おうびーとあんか,14,6030,1,2340,1,,,,,,5,42,64,80,0,0,0,0,-1,-1,2,0,2
269,オウビートガンバα,おうびーとがんば,15,6040,1,3050,1,,,,,,5,42,64,80,0,0,0,0,-1,-1,2,0,2
270,オウビートテスタβ,おうびーとてすた,11,3050,2,,,,,,,,5,42,64,80,1,0,0,0,-1,-1,2,0,2
271,オウビートペットβ,おうびーとぺっと,12,2340,2,,,,,,,,5,42,64,80,1,0,0,0,-1,-1,2,0,2
272,オウビートマーノβ,おうびーとまーの,13,6060,2,,,,,,,,5,42,64,80,2,1,0,0,-1,-1,2,0,2
273,オウビートアンカβ,おうびーとあんか,14,6030,1,,,,,,,,5,42,64,80,2,1,0,0,-1,-1,2,0,2
274,オウビートガンバβ,おうびーとがんば,15,6040,2,,,,,,,,5,42,64,80,2,1,0,0,-1,-1,2,0,2
275,パピメルテスタα,ぱぴめるてすた,11,3050,2,6060,1,,,,,,5,42,64,80,0,0,0,0,-1,-1,2,0,2
276,パピメルペットα,ぱぴめるぺっと,12,2340,2,6060,1,,,,,,5,42,64,80,0,0,0,0,-1,-1,2,0,2
277,パピメルマーノα,ぱぴめるまーの,13,6060,2,2420,1,,,,,,5,42,64,80,0,0,0,0,-1,-1,2,0,2
278,パピメルアンカα,ぱぴめるあんか,14,6030,1,2340,1,,,,,,5,42,64,80,0,0,0,0,-1,-1,2,0,2
279,パピメルガンバα,ぱぴめるがんば,15,6040,1,3050,1,,,,,,5,42,64,80,0,0,0,0,-1,-1,2,0,2
280,パピメルテスタβ,ぱぴめるてすた,11,3050,2,,,,,,,,5,42,64,80,1,0,0,0,-1,-1,2,0,2
281,パピメルペットβ,ぱぴめるぺっと,12,2340,2,,,,,,,,5,42,64,80,1,0,0,0,-1,-1,2,0,2
282,パピメルマーノβ,ぱぴめるまーの,13,6060,2,,,,,,,,5,42,64,80,2,1,0,0,-1,-1,2,0,2
283,パピメルアンカβ,ぱぴめるあんか,14,6030,1,,,,,,,,5,42,64,80,2,1,0,0,-1,-1,2,0,2
284,パピメルガンバβ,ぱぴめるがんば,15,6040,2,,,,,,,,5,42,64,80,2,1,0,0,-1,-1,2,0,2
285,プケプケヘルムα,ぷけぷけへるむ,11,4100,2,,,,,,,,5,42,64,80,0,0,0,0,0,3,-3,0,1
286,プケプケメイルα,ぷけぷけめいる,12,4130,1,6060,1,,,,,,5,42,64,80,0,0,0,0,0,3,-3,0,1
287,プケプケアームα,ぷけぷけあーむ,13,3130,2,2110,1,,,,,,5,42,64,80,0,0,0,0,0,3,-3,0,1
288,プケプケコイルα,ぷけぷけこいる,14,2110,2,,,,,,,,5,42,64,80,0,0,0,0,0,3,-3,0,1
289,プケプケグリーヴα,ぷけぷけぐりーヴ,15,6060,2,4100,1,,,,,,5,42,64,80,1,1,0,0,0,3,-3,0,1
290,プケプケヘルムβ,ぷけぷけへるむ,11,4100,1,,,,,,,,5,42,64,80,1,0,0,0,0,3,-3,0,1
291,プケプケメイルβ,ぷけぷけめいる,12,4130,1,,,,,,,,5,42,64,80,1,0,0,0,0,3,-3,0,1
292,プケプケアームβ,ぷけぷけあーむ,13,3130,1,,,,,,,,5,42,64,80,1,0,0,0,0,3,-3,0,1
293,プケプケコイルβ,ぷけぷけこいる,14,2110,1,,,,,,,,5,42,64,80,1,0,0,0,0,3,-3,0,1
294,プケプケグリーヴβ,ぷけぷけぐりーヴ,15,6060,1,,,,,,,,5,42,64,80,0,0,0,0,0,3,-3,0,1
295,ボロスヘルムα,ぼろすへるむ,11,3040,2,,,,,,,,5,42,64,80,0,0,0,0,-3,-1,3,-1,0
296,ボロスメイルα,ぼろすめいる,12,2190,2,,,,,,,,5,42,64,80,0,0,0,0,-3,-1,3,-1,0
297,ボロスアームα,ぼろすあーむ,13,4020,1,2190,1,,,,,,5,42,64,80,0,0,0,0,-3,-1,3,-1,0
298,ボロスコイルα,ぼろすこいる,14,3200,1,3040,1,,,,,,5,42,64,80,0,0,0,0,-3,-1,3,-1,0
299,ボロスグリーヴα,ぼろすぐりーヴ,15,3120,2,4020,1,,,,,,5,42,64,80,0,0,0,0,-3,-1,3,-1,0
300,ボロスヘルムβ,ぼろすへるむ,11,3040,1,,,,,,,,5,42,64,80,1,0,0,0,-3,-1,3,-1,0
301,ボロスメイルβ,ぼろすめいる,12,2190,1,,,,,,,,5,42,64,80,1,0,0,0,-3,-1,3,-1,0
302,ボロスアームβ,ぼろすあーむ,13,4020,1,,,,,,,,5,42,64,80,1,0,0,0,-3,-1,3,-1,0
303,ボロスコイルβ,ぼろすこいる,14,3200,1,,,,,,,,5,42,64,80,2,0,0,0,-3,-1,3,-1,0
304,ボロスグリーヴβ,ぼろすぐりーヴ,15,3120,1,,,,,,,,5,42,64,80,1,1,0,0,-3,-1,3,-1,0
305,ジュラヘルムα,じゅらへるむ,11,3210,2,,,,,,,,5,44,66,82,0,0,0,0,-1,2,-3,0,0
306,ジュラメイルα,じゅらめいる,12,3200,1,2070,1,,,,,,5,44,66,82,0,0,0,0,-1,2,-3,0,0
307,ジュラアームα,じゅらあーむ,13,2070,2,3210,1,,,,,,5,44,66,82,0,0,0,0,-1,2,-3,0,0
308,ジュラコイルα,じゅらこいる,14,3100,2,,,,,,,,5,44,66,82,0,0,0,0,-1,2,-3,0,0
309,ジュラグリーヴα,じゅらぐりーヴ,15,2290,2,,,,,,,,5,44,66,82,0,0,0,0,-1,2,-3,0,0
310,ジュラヘルムβ,じゅらへるむ,11,3210,1,,,,,,,,5,44,66,82,1,0,0,0,-1,2,-3,0,0
311,ジュラメイルβ,じゅらめいる,12,3200,1,,,,,,,,5,44,66,82,1,0,0,0,-1,2,-3,0,0
312,ジュラアームβ,じゅらあーむ,13,2070,2,,,,,,,,5,44,66,82,1,0,0,0,-1,2,-3,0,0
313,ジュラコイルβ,じゅらこいる,14,3100,1,,,,,,,,5,44,66,82,1,0,0,0,-1,2,-3,0,0
314,ジュラグリーヴβ,じゅらぐりーヴ,15,2290,1,,,,,,,,5,44,66,82,2,0,0,0,-1,2,-3,0,0
315,カガチヘルムα,かがちへるむ,11,4010,2,,,,,,,,5,44,66,82,0,0,0,0,0,-3,3,0,0
316,カガチメイルα,かがちめいる,12,2400,1,3060,1,,,,,,5,44,66,82,0,0,0,0,0,-3,3,0,0
317,カガチアームα,かがちあーむ,13,3060,2,,,,,,,,5,44,66,82,0,0,0,0,0,-3,3,0,0
318,カガチコイルα,かがちこいる,14,2080,2,3080,1,,,,,,5,44,66,82,0,0,0,0,0,-3,3,0,0
319,カガチグリーヴα,かがちぐりーヴ,15,3080,2,4010,1,,,,,,5,44,66,82,0,0,0,0,0,-3,3,0,0
320,カガチヘルムβ,かがちへるむ,11,4010,1,,,,,,,,5,44,66,82,2,0,0,0,0,-3,3,0,0
321,カガチメイルβ,かがちめいる,12,2400,1,,,,,,,,5,44,66,82,2,0,0,0,0,-3,3,0,0
322,カガチアームβ,かがちあーむ,13,3060,1,,,,,,,,5,44,66,82,2,0,0,0,0,-3,3,0,0
323,カガチコイルβ,かがちこいる,14,2080,1,,,,,,,,5,44,66,82,1,0,0,0,0,-3,3,0,0
324,カガチグリーヴβ,かがちぐりーヴ,15,3080,1,,,,,,,,5,44,66,82,1,0,0,0,0,-3,3,0,0
325,ジャナフヘルムα,じゃなふへるむ,11,2090,2,3070,1,,,410,430,,5,44,66,82,0,0,0,0,3,-3,-1,-1,0
326,ジャナフメイルα,じゃなふめいる,12,4020,1,5040,1,,,410,430,,5,44,66,82,0,0,0,0,3,-3,-1,-1,0
327,ジャナフアームα,じゃなふあーむ,13,5040,1,2090,1,,,410,430,,5,44,66,82,0,0,0,0,3,-3,-1,-1,0
328,ジャナフコイルα,じゃなふこいる,14,3070,2,2230,1,,,410,430,,5,44,66,82,0,0,0,0,3,-3,-1,-1,0
329,ジャナフグリーブα,じゃなふぐりーぶ,15,2230,2,,,,,410,430,,5,44,66,82,0,0,0,0,3,-3,-1,-1,0
330,ジャナフヘルムβ,じゃなふへるむ,11,2090,2,,,,,410,430,,5,44,66,82,2,0,0,0,3,-3,-1,-1,0
331,ジャナフメイルβ,じゃなふめいる,12,4020,1,,,,,410,430,,5,44,66,82,1,1,0,0,3,-3,-1,-1,0
332,ジャナフアームβ,じゃなふあーむ,13,5040,1,,,,,410,430,,5,44,66,82,1,0,0,0,3,-3,-1,-1,0
333,ジャナフコイルβ,じゃなふこいる,14,3070,2,,,,,410,430,,5,44,66,82,2,0,0,0,3,-3,-1,-1,0
334,ジャナフグリーブβ,じゃなふぐりーぶ,15,2230,1,,,,,410,430,,5,44,66,82,1,0,0,0,3,-3,-1,-1,0
335,ウルムーヘルムα,うるむーへるむ,11,4030,2,,,,,,,,5,44,66,82,0,0,0,0,-3,2,0,1,0
336,ウルムーメイルα,うるむーめいる,12,2380,1,2230,1,,,,,,5,44,66,82,0,0,0,0,-3,2,0,1,0
337,ウルムーアームα,うるむーあーむ,13,2230,2,,,,,,,,5,44,66,82,0,0,0,0,-3,2,0,1,0
338,ウルムーコイルα,うるむーこいる,14,3020,2,,,,,,,,5,44,66,82,0,0,0,0,-3,2,0,1,0
339,ウルムーグリーヴα,うるむーぐりーヴ,15,3260,1,4030,1,,,,,,5,44,66,82,0,0,0,0,-3,2,0,1,0
340,ウルムーヘルムβ,うるむーへるむ,11,4030,1,,,,,,,,5,44,66,82,2,0,0,0,-3,2,0,1,0
341,ウルムーメイルβ,うるむーめいる,12,2380,1,,,,,,,,5,44,66,82,1,0,0,0,-3,2,0,1,0
342,ウルムーアームβ,うるむーあーむ,13,2230,1,,,,,,,,5,44,66,82,1,0,0,0,-3,2,0,1,0
343,ウルムーコイルβ,うるむーこいる,14,3020,1,,,,,,,,5,44,66,82,1,0,0,0,-3,2,0,1,0
344,ウルムーグリーヴβ,うるむーぐりーヴ,15,3260,1,,,,,,,,5,44,66,82,1,1,0,0,-3,2,0,1,0
345,レイアヘルムα,れいあへるむ,11,4060,2,2110,1,,,,,,5,46,68,84,0,0,0,0,2,0,-2,0,-3
346,レイアメイルα,れいあめいる,12,6060,2,4070,1,,,,,,5,46,68,84,0,0,0,0,2,0,-2,0,-3
347,レイアアームα,れいああーむ,13,2110,2,,,,,,,,5,46,68,84,0,0,0,0,2,0,-2,0,-3
348,レイアコイルα,れいあこいる,14,3130,2,4060,1,,,,,,5,46,68,84,0,0,0,0,2,0,-2,0,-3
349,レイアグリーヴα,れいあぐりーヴ,15,4070,2,,,,,,,,5,46,68,84,0,0,0,0,2,0,-2,0,-3
350,レイアヘルムβ,れいあへるむ,11,4060,1,2110,1,,,,,,5,46,68,84,1,0,0,0,2,0,-2,0,-3
351,レイアメイルβ,れいあめいる,12,6060,1,4070,1,,,,,,5,46,68,84,1,0,0,0,2,0,-2,0,-3
352,レイアアームβ,れいああーむ,13,2110,1,,,,,,,,5,46,68,84,1,0,0,0,2,0,-2,0,-3
353,レイアコイルβ,れいあこいる,14,3130,1,4060,1,,,,,,5,46,68,84,1,0,0,0,2,0,-2,0,-3
354,レイアグリーヴβ,れいあぐりーヴ,15,4070,1,,,,,,,,5,46,68,84,1,0,0,0,2,0,-2,0,-3
355,ガマルヘルムα,がまるへるむ,11,3170,2,,,,,,,,5,48,70,86,0,0,0,0,2,0,-3,0,2
356,ガマルメイルα,がまるめいる,12,2150,2,,,,,,,,5,48,70,86,0,0,0,0,2,0,-3,0,2
357,ガマルアームα,がまるあーむ,13,2390,2,,,,,,,,5,48,70,86,0,0,0,0,2,0,-3,0,2
358,ガマルコイルα,がまるこいる,14,2230,2,3170,1,,,,,,5,48,70,86,0,0,0,0,2,0,-3,0,2
359,ガマルグリーヴα,がまるぐりーヴ,15,2220,1,2150,1,,,,,,5,48,70,86,0,0,0,0,2,0,-3,0,2
360,ガマルヘルムβ,がまるへるむ,11,3170,1,,,,,,,,5,48,70,86,1,0,0,0,2,0,-3,0,2
361,ガマルメイルβ,がまるめいる,12,2150,1,,,,,,,,5,48,70,86,1,0,0,0,2,0,-3,0,2
362,ガマルアームβ,がまるあーむ,13,2390,1,,,,,,,,5,48,70,86,1,0,0,0,2,0,-3,0,2
363,ガマルコイルβ,がまるこいる,14,2230,2,,,,,,,,5,48,70,86,1,0,0,0,2,0,-3,0,2
364,ガマルグリーヴβ,がまるぐりーヴ,15,2220,1,,,,,,,,5,48,70,86,1,0,0,0,2,0,-3,0,2
365,モスフェイクα,もすふぇいく,11,4110,2,,,,,,,,5,40,62,78,0,0,0,0,2,2,2,2,2
366,ケストガードα,けすとがーど,13,2320,1,2290,1,,,,,,5,40,62,78,0,0,0,0,4,0,0,0,0
367,ケストガードβ,けすとがーど,13,2320,1,,,,,,,,5,40,62,78,1,0,0,0,4,0,0,0,0
368,ガライーブーツα,がらいーぶーつ,15,3210,2,2070,1,,,,,,5,40,62,78,0,0,0,0,0,5,0,0,0
369,ガライーブーツβ,がらいーぶーつ,15,3210,1,2070,1,,,,,,5,40,62,78,1,0,0,0,0,5,0,0,0
370,シャムゴーグルα,しゃむごーぐる,11,6050,1,6070,1,,,,,,5,40,62,78,0,0,0,0,2,2,0,-3,0
371,シャムゴーグルβ,しゃむごーぐる,11,6050,1,,,,,,,,5,40,62,78,1,0,0,0,2,2,0,-3,0
372,ガストホーンα,がすとほーん,11,3030,1,3170,1,,,,,,5,48,70,86,0,0,0,0,3,0,0,0,0
373,ガストホーンβ,がすとほーん,11,3030,1,,,,,,,,5,48,70,86,1,0,0,0,3,0,0,0,0
374,バルノスマントα,ばるのすまんと,12,3190,1,3180,1,,,,,,5,48,70,86,0,0,0,0,1,1,0,1,-2
375,バルノスマントβ,ばるのすまんと,12,3190,1,,,,,,,,5,48,70,86,1,0,0,0,1,1,0,1,-2
376,封印の眼帯α,ふういんのがんたい,11,3070,1,,,,,,,,5,46,68,84,2,1,0,0,3,2,0,2,0
377,シャドウアイα,しゃどうあい,11,3120,1,,,,,,,,5,46,68,84,1,1,1,0,4,0,4,2,0
378,ユラユラフェイクα,ゆらゆらふぇいく,11,4090,2,,,,,,,,5,46,68,84,1,1,0,0,0,4,0,0,4
379,ゾラマグナヘッドα,ぞらまぐなへっど,11,2030,1,2150,1,,,130,,,6,44,64,76,0,0,0,0,4,-3,-1,-2,-3
380,ゾラマグナハイドα,ぞらまぐなはいど,12,2150,2,3260,1,,,130,,,6,44,64,76,0,0,0,0,4,-3,-1,-2,-3
381,ゾラマグナクロウα,ぞらまぐなくろう,13,2200,1,2390,1,,,130,,,6,44,64,76,0,0,0,0,4,-3,-1,-2,-3
382,ゾラマグナスパインα,ぞらまぐなすぱいん,14,2370,1,3270,1,,,130,,,6,44,64,76,0,0,0,0,4,-3,-1,-2,-3
383,ゾラマグナフットα,ぞらまぐなふっと,15,2390,2,3250,1,,,130,,,6,44,64,76,0,0,0,0,4,-3,-1,-2,-3
384,ゾラマグナヘッドβ,ぞらまぐなへっど,11,2030,1,,,,,130,,,6,44,64,76,1,0,0,0,4,-3,-1,-2,-3
385,ゾラマグナハイドβ,ぞらまぐなはいど,12,2150,2,,,,,130,,,6,44,64,76,2,0,0,0,4,-3,-1,-2,-3
386,ゾラマグナクロウβ,ぞらまぐなくろう,13,2200,1,,,,,130,,,6,44,64,76,1,0,0,0,4,-3,-1,-2,-3
387,ゾラマグナスパインβ,ぞらまぐなすぱいん,14,2370,1,,,,,130,,,6,44,64,76,2,0,0,0,4,-3,-1,-2,-3
388,ゾラマグナフットβ,ぞらまぐなふっと,15,2390,2,,,,,130,,,6,44,64,76,2,0,0,0,4,-3,-1,-2,-3
389,バルキンヘルムα,ばるきんへるむ,11,3270,2,,,,,,,,6,46,66,78,0,0,0,0,0,2,0,-1,-2
390,バルキンメイルα,ばるきんめいる,12,2140,1,,,,,,,,6,46,66,78,0,0,0,0,0,2,0,-1,-2
391,バルキンアームα,ばるきんあーむ,13,2140,2,3040,1,,,,,,6,46,66,78,0,0,0,0,0,2,0,-1,-2
392,バルキンコイルα,ばるきんこいる,14,3040,2,,,,,,,,6,46,66,78,0,0,0,0,0,2,0,-1,-2
393,バルキングリーヴα,ばるきんぐりーヴ,15,3240,2,,,,,,,,6,46,66,78,0,0,0,0,0,2,0,-1,-2
394,バルキンヘルムβ,ばるきんへるむ,11,3270,1,,,,,,,,6,46,66,78,2,0,0,0,0,2,0,-1,-2
395,バルキンメイルβ,ばるきんめいる,12,2140,1,,,,,,,,6,46,66,78,1,0,0,0,0,2,0,-1,-2
396,バルキンアームβ,ばるきんあーむ,13,2140,1,3040,1,,,,,,6,46,66,78,1,0,0,0,0,2,0,-1,-2
397,バルキンコイルβ,ばるきんこいる,14,3040,1,,,,,,,,6,46,66,78,2,0,0,0,0,2,0,-1,-2
398,バルキングリーヴβ,ばるきんぐりーヴ,15,3240,1,,,,,,,,6,46,66,78,1,0,0,0,0,2,0,-1,-2
399,ハイメタヘルムα,はいめたへるむ,11,3100,2,3250,1,,,,,,6,50,70,82,0,0,0,0,0,-3,3,0,0
400,ハイメタメイルα,はいめためいる,12,3250,2,2100,1,,,,,,6,50,70,82,0,0,0,0,0,-3,3,0,0
401,ハイメタアームα,はいめたあーむ,13,3010,2,2100,1,,,,,,6,50,70,82,0,0,0,0,0,-3,3,0,0
402,ハイメタコイルα,はいめたこいる,14,2220,1,3010,1,,,,,,6,50,70,82,0,0,0,0,0,-3,3,0,0
403,ハイメタグリーヴα,はいめたぐりーヴ,15,2240,1,3100,1,,,,,,6,50,70,82,0,0,0,0,0,-3,3,0,0
404,ハイメタヘルムβ,はいめたへるむ,11,3100,2,,,,,,,,6,50,70,82,2,0,0,0,0,-3,3,0,0
405,ハイメタメイルβ,はいめためいる,12,3250,1,2100,1,,,,,,6,50,70,82,2,0,0,0,0,-3,3,0,0
406,ハイメタアームβ,はいめたあーむ,13,3010,2,,,,,,,,6,50,70,82,1,0,0,0,0,-3,3,0,0
407,ハイメタコイルβ,はいめたこいる,14,2220,1,,,,,,,,6,50,70,82,1,0,0,0,0,-3,3,0,0
408,ハイメタグリーヴβ,はいめたぐりーヴ,15,2240,1,,,,,,,,6,50,70,82,1,0,0,0,0,-3,3,0,0
409,インゴットヘルムα,いんごっとへるむ,11,2080,2,,,,,,,,6,50,70,82,0,0,0,0,-2,0,3,-1,0
410,インゴットメイルα,いんごっとめいる,12,3080,2,,,,,,,,6,50,70,82,0,0,0,0,-2,0,3,-1,0
411,インゴットアームα,いんごっとあーむ,13,4060,2,2080,1,,,,,,6,50,70,82,0,0,0,0,-2,0,3,-1,0
412,インゴットコイルα,いんごっとこいる,14,3260,2,,,,,,,,6,50,70,82,0,0,0,0,-2,0,3,-1,0
413,インゴットグリーヴα,いんごっとぐりーヴ,15,3010,2,3260,1,,,,,,6,50,70,82,0,0,0,0,-2,0,3,-1,0
414,インゴットヘルムβ,いんごっとへるむ,11,2080,1,,,,,,,,6,50,70,82,1,0,0,0,-2,0,3,-1,0
415,インゴットメイルβ,いんごっとめいる,12,3080,1,,,,,,,,6,50,70,82,1,0,0,0,-2,0,3,-1,0
416,インゴットアームβ,いんごっとあーむ,13,4060,2,,,,,,,,6,50,70,82,1,0,0,0,-2,0,3,-1,0
417,インゴットコイルβ,いんごっとこいる,14,3260,1,,,,,,,,6,50,70,82,3,0,0,0,-2,0,3,-1,0
418,インゴットグリーヴβ,いんごっとぐりーヴ,15,3010,2,,,,,,,,6,50,70,82,2,0,0,0,-2,0,3,-1,0
419,ブリゲイドロポスα,ぶりげいどろぽす,11,4080,2,2330,1,,,,,,6,52,72,84,0,0,0,0,1,0,2,0,2
420,ブリゲイドスーツα,ぶりげいどすーつ,12,3020,2,,,,,,,,6,52,72,84,2,0,0,0,1,0,2,0,2
421,ブリゲイドアームα,ぶりげいどあーむ,13,2240,2,3020,1,,,,,,6,52,72,84,0,0,0,0,1,0,2,0,2
422,ブリゲイドコイルα,ぶりげいどこいる,14,6070,2,4080,1,,,,,,6,52,72,84,0,0,0,0,1,0,2,0,2
423,ブリゲイドブーツα,ぶりげいどぶーつ,15,6150,1,6070,1,,,,,,6,52,72,84,1,0,0,0,1,0,2,0,2
424,ブリゲイドロポスβ,ぶりげいどろぽす,11,4080,2,,,,,,,,6,52,72,84,1,0,0,0,1,0,2,0,2
425,ブリゲイドスーツβ,ぶりげいどすーつ,12,3020,1,,,,,,,,6,52,72,84,2,2,0,0,1,0,2,0,2
426,ブリゲイドアームβ,ぶりげいどあーむ,13,2240,2,,,,,,,,6,52,72,84,1,0,0,0,1,0,2,0,2
427,ブリゲイドコイルβ,ぶりげいどこいる,14,6070,2,,,,,,,,6,52,72,84,1,0,0,0,1,0,2,0,2
428,ブリゲイドブーツβ,ぶりげいどぶーつ,15,6150,1,,,,,,,,6,52,72,84,3,0,0,0,1,0,2,0,2
429,リオハートヘルムα,りおはーとへるむ,11,3060,1,2110,1,,,40,,,6,52,72,84,0,0,0,0,3,0,-3,0,-4
430,リオハートメイルα,りおはーとめいる,12,6190,2,,,,,40,,,6,52,72,84,0,0,0,0,3,0,-3,0,-4
431,リオハートアームα,りおはーとあーむ,13,3260,2,,,,,40,,,6,52,72,84,0,0,0,0,3,0,-3,0,-4
432,リオハートコイルα,りおはーとこいる,14,2030,1,3130,1,,,40,,,6,52,72,84,0,0,0,0,3,0,-3,0,-4
433,リオハートグリーヴα,りおはーとぐりーヴ,15,6190,1,3260,1,,,40,,,6,52,72,84,0,0,0,0,3,0,-3,0,-4
434,リオハートヘルムβ,りおはーとへるむ,11,3060,1,,,,,40,,,6,52,72,84,2,0,0,0,3,0,-3,0,-4
435,リオハートメイルβ,りおはーとめいる,12,6190,1,,,,,40,,,6,52,72,84,1,1,0,0,3,0,-3,0,-4
436,リオハートアームβ,りおはーとあーむ,13,3260,1,,,,,40,,,6,52,72,84,2,0,0,0,3,0,-3,0,-4
437,リオハートコイルβ,りおはーとこいる,14,2030,1,,,,,40,,,6,52,72,84,1,0,0,0,3,0,-3,0,-4
438,リオハートグリーヴβ,りおはーとぐりーヴ,15,6190,1,,,,,40,,,6,52,72,84,2,0,0,0,3,0,-3,0,-4
439,ギエナヘルムα,ぎえなへるむ,11,3020,2,2100,1,,,560,520,,6,54,74,86,0,0,0,0,-1,2,-3,3,0
440,ギエナメイルα,ぎえなめいる,12,3050,2,3020,1,,,560,520,,6,54,74,86,0,0,0,0,-1,2,-3,3,0
441,ギエナアームα,ぎえなあーむ,13,2410,1,3050,1,,,560,520,,6,54,74,86,0,0,0,0,-1,2,-3,3,0
442,ギエナコイルα,ぎえなこいる,14,2100,2,3260,1,,,560,520,,6,54,74,86,0,0,0,0,-1,2,-3,3,0
443,ギエナグリーヴα,ぎえなぐりーヴ,15,3100,2,2250,1,,,560,520,,6,54,74,86,0,0,0,0,-1,2,-3,3,0
444,ギエナヘルムβ,ぎえなへるむ,11,3020,2,,,,,560,520,,6,54,74,86,1,0,0,0,-1,2,-3,3,0
445,ギエナメイルβ,ぎえなめいる,12,3050,2,,,,,560,520,,6,54,74,86,1,0,0,0,-1,2,-3,3,0
446,ギエナアームβ,ぎえなあーむ,13,2410,1,,,,,560,520,,6,54,74,86,3,0,0,0,-1,2,-3,3,0
447,ギエナコイルβ,ぎえなこいる,14,2100,2,,,,,560,520,,6,54,74,86,2,0,0,0,-1,2,-3,3,0
448,ギエナグリーヴβ,ぎえなぐりーヴ,15,3100,2,,,,,560,520,,6,54,74,86,3,0,0,0,-1,2,-3,3,0
449,ガロンヘルムα,がろんへるむ,11,3240,2,2020,1,,,100,220,,6,54,74,86,0,0,0,0,2,2,-2,-3,0
450,ガロンメイルα,がろんめいる,12,2350,2,3240,1,,,100,220,,6,54,74,86,0,0,0,0,2,2,-2,-3,0
451,ガロンアームα,がろんあーむ,13,4010,1,2020,1,,,100,220,,6,54,74,86,0,0,0,0,2,2,-2,-3,0
452,ガロンコイルα,がろんこいる,14,2020,2,2350,1,,,100,220,,6,54,74,86,0,0,0,0,2,2,-2,-3,0
453,ガロングリーヴα,がろんぐりーヴ,15,2340,1,2020,1,,,100,220,,6,54,74,86,0,0,0,0,2,2,-2,-3,0
454,ガロンヘルムβ,がろんへるむ,11,3240,2,,,,,100,220,,6,54,74,86,2,0,0,0,2,2,-2,-3,0
455,ガロンメイルβ,がろんめいる,12,2350,2,,,,,100,220,,6,54,74,86,1,0,0,0,2,2,-2,-3,0
456,ガロンアームβ,がろんあーむ,13,4010,1,,,,,100,220,,6,54,74,86,1,0,0,0,2,2,-2,-3,0
457,ガロンコイルβ,がろんこいる,14,2020,2,,,,,100,220,,6,54,74,86,2,0,0,0,2,2,-2,-3,0
458,ガロングリーヴβ,がろんぐりーヴ,15,2340,1,,,,,100,220,,6,54,74,86,1,0,0,0,2,2,-2,-3,0
459,レウスヘルムα,れうすへるむ,11,2010,2,2090,1,,,160,280,,6,54,74,86,0,0,0,0,3,1,-2,1,-3
460,レウスメイルα,れうすめいる,12,2260,2,2090,1,,,160,280,,6,54,74,86,0,0,0,0,3,1,-2,1,-3
461,レウスアームα,れうすあーむ,13,3070,2,2010,1,,,160,280,,6,54,74,86,0,0,0,0,3,1,-2,1,-3
462,レウスコイルα,れうすこいる,14,2090,2,2290,1,,,160,280,,6,54,74,86,0,0,0,0,3,1,-2,1,-3
463,レウスグリーヴα,れうすぐりーヴ,15,2400,1,2260,1,,,160,280,,6,54,74,86,0,0,0,0,3,1,-2,1,-3
464,レウスヘルムβ,れうすへるむ,11,2010,2,,,,,160,280,,6,54,74,86,1,0,0,0,3,1,-2,1,-3
465,レウスメイルβ,れうすめいる,12,2260,2,,,,,160,280,,6,54,74,86,1,0,0,0,3,1,-2,1,-3
466,レウスアームβ,れうすあーむ,13,3070,2,,,,,160,280,,6,54,74,86,1,0,0,0,3,1,-2,1,-3
467,レウスコイルβ,れうすこいる,14,2090,2,,,,,160,280,,6,54,74,86,2,0,0,0,3,1,-2,1,-3
468,レウスグリーヴβ,れうすぐりーヴ,15,2400,1,,,,,160,280,,6,54,74,86,3,0,0,0,3,1,-2,1,-3
469,ディアブロヘルムα,でぃあぶろへるむ,11,2250,2,2050,1,,,70,10,,6,54,74,86,0,0,0,0,3,-2,0,-3,2
470,ディアブロメイルα,でぃあぶろめいる,12,2170,2,2050,1,,,70,10,,6,54,74,86,0,0,0,0,3,-2,0,-3,2
471,ディアブロアームα,でぃあぶろあーむ,13,2050,2,3270,1,,,70,10,,6,54,74,86,0,0,0,0,3,-2,0,-3,2
472,ディアブロコイルα,でぃあぶろこいる,14,4020,2,2250,1,,,70,10,,6,54,74,86,0,0,0,0,3,-2,0,-3,2
473,ディアブログリーヴα,でぃあぶろぐりーヴ,15,3270,2,2170,1,,,70,10,,6,54,74,86,0,0,0,0,3,-2,0,-3,2
474,ディアブロヘルムβ,でぃあぶろへるむ,11,2250,2,,,,,70,10,,6,54,74,86,2,0,0,0,3,-2,0,-3,2
475,ディアブロメイルβ,でぃあぶろめいる,12,2170,2,,,,,70,10,,6,54,74,86,2,0,0,0,3,-2,0,-3,2
476,ディアブロアームβ,でぃあぶろあーむ,13,2050,2,,,,,70,10,,6,54,74,86,2,0,0,0,3,-2,0,-3,2
477,ディアブロコイルβ,でぃあぶろこいる,14,4020,2,,,,,70,10,,6,54,74,86,2,0,0,0,3,-2,0,-3,2
478,ディアブログリーヴβ,でぃあぶろぐりーヴ,15,3270,2,,,,,70,10,,6,54,74,86,1,1,0,0,3,-2,0,-3,2
479,ラヴァヘルムα,らヴぁへるむ,11,2340,1,2090,2,,,,,,6,56,76,88,0,0,0,0,3,-3,1,-2,2
480,ラヴァメイルα,らヴぁめいる,12,2320,1,4090,1,,,,,,6,56,76,88,0,0,0,0,3,-3,1,-2,2
481,ラヴァアームα,らヴぁあーむ,13,2090,2,3190,1,,,,,,6,56,76,88,2,0,0,0,3,-3,1,-2,2
482,ラヴァコイルα,らヴぁこいる,14,4070,1,2340,2,,,,,,6,56,76,88,0,0,0,0,3,-3,1,-2,2
483,ラヴァグリーヴα,らヴぁぐりーヴ,15,2090,1,5030,1,,,,,,6,56,76,88,1,0,0,0,3,-3,1,-2,2
484,ラヴァヘルムβ,らヴぁへるむ,11,2090,1,2340,1,,,,,,6,56,76,88,1,1,0,0,3,-3,1,-2,2
485,ラヴァメイルβ,らヴぁめいる,12,2090,2,,,,,,,,6,56,76,88,1,1,0,0,3,-3,1,-2,2
486,ラヴァアームβ,らヴぁあーむ,13,2320,1,,,,,,,,6,56,76,88,3,0,0,0,3,-3,1,-2,2
487,ラヴァコイルβ,らヴぁこいる,14,2340,2,,,,,,,,6,56,76,88,1,0,0,0,3,-3,1,-2,2
488,ラヴァグリーヴβ,らヴぁぐりーヴ,15,5030,1,,,,,,,,6,56,76,88,2,0,0,0,3,-3,1,-2,2
489,アイルーフェイクα,あいるーふぇいく,11,6220,3,,,,,,,,6,56,76,88,0,0,0,0,2,2,2,2,2
490,知略の眼鏡α,ちりゃくのめがね,11,2020,2,,,,,,,,6,56,76,88,1,0,0,0,2,2,2,2,2
491,リオソウルヘルムα,りおそうるへるむ,11,6170,2,2040,1,,,160,280,,7,56,68,82,0,0,0,0,3,2,2,-3,-4
492,リオソウルメイルα,りおそうるめいる,12,2290,1,3260,1,,,160,280,,7,56,68,82,1,0,0,0,3,2,2,-3,-4
493,リオソウルアームα,りおそうるあーむ,13,6170,1,2200,1,,,160,280,,7,56,68,82,1,0,0,0,3,2,2,-3,-4
494,リオソウルコイルα,りおそうるこいる,14,3260,2,5020,1,,,160,280,,7,56,68,82,0,0,0,0,3,2,2,-3,-4
495,リオソウルグリーヴα,りおそうるぐりーヴ,15,4040,1,2290,1,,,160,280,,7,56,68,82,0,0,0,0,3,2,2,-3,-4
496,リオソウルヘルムβ,りおそうるへるむ,11,2040,1,,,,,160,280,,7,56,68,82,1,1,0,0,3,2,2,-3,-4
497,リオソウルメイルβ,りおそうるめいる,12,2290,1,,,,,160,280,,7,56,68,82,2,0,0,0,3,2,2,-3,-4
498,リオソウルアームβ,りおそうるあーむ,13,2200,1,,,,,160,280,,7,56,68,82,2,0,0,0,3,2,2,-3,-4
499,リオソウルコイルβ,りおそうるこいる,14,3260,2,,,,,160,280,,7,56,68,82,3,0,0,0,3,2,2,-3,-4
500,リオソウルグリーヴβ,りおそうるぐりーヴ,15,2290,1,,,,,160,280,,7,56,68,82,1,0,0,0,3,2,2,-3,-4
501,ディアネロヘルムα,でぃあねろへるむ,11,2290,2,,,,,70,10,,7,56,68,82,1,0,0,0,2,-3,0,-4,2
502,ディアネロメイルα,でぃあねろめいる,12,2060,2,,,,,70,10,,7,56,68,82,1,0,0,0,2,-3,0,-4,2
503,ディアネロアームα,でぃあねろあーむ,13,2290,1,4020,1,,,70,10,,7,56,68,82,0,0,0,0,2,-3,0,-4,2
504,ディアネロコイルα,でぃあねろこいる,14,2060,1,2180,1,,,70,10,,7,56,68,82,0,0,0,0,2,-3,0,-4,2
505,ディアネログリーヴα,でぃあねろぐりーヴ,15,5010,1,2050,1,,,70,10,,7,56,68,82,1,0,0,0,2,-3,0,-4,2
506,ディアネロヘルムβ,でぃあねろへるむ,11,2290,1,,,,,70,10,,7,56,68,82,3,0,0,0,2,-3,0,-4,2
507,ディアネロメイルβ,でぃあねろめいる,12,2060,1,,,,,70,10,,7,56,68,82,2,1,0,0,2,-3,0,-4,2
508,ディアネロアームβ,でぃあねろあーむ,13,2290,1,,,,,70,10,,7,56,68,82,2,1,0,0,2,-3,0,-4,2
509,ディアネロコイルβ,でぃあねろこいる,14,2060,1,,,,,70,10,,7,56,68,82,2,0,0,0,2,-3,0,-4,2
510,ディアネログリーヴβ,でぃあねろぐりーヴ,15,5010,1,,,,,70,10,,7,56,68,82,2,0,0,0,2,-3,0,-4,2
511,バゼルヘルムα,ばぜるへるむ,11,3250,2,2150,1,,,310,,,7,58,70,84,2,0,0,0,3,1,-4,-2,-2
512,バゼルメイルα,ばぜるめいる,12,3040,2,3160,2,,,310,,,7,58,70,84,0,0,0,0,3,1,-4,-2,-2
513,バゼルアームα,ばぜるあーむ,13,2250,2,3250,1,,,310,,,7,58,70,84,0,0,0,0,3,1,-4,-2,-2
514,バゼルコイルα,ばぜるこいる,14,3250,2,2400,1,,,310,,,7,58,70,84,1,0,0,0,3,1,-4,-2,-2
515,バゼルグリーヴα,ばぜるぐりーヴ,15,2390,2,2250,1,,,310,,,7,58,70,84,1,0,0,0,3,1,-4,-2,-2
516,バゼルヘルムβ,ばぜるへるむ,11,3250,2,,,,,310,,,7,58,70,84,3,1,0,0,3,1,-4,-2,-2
517,バゼルメイルβ,ばぜるめいる,12,3040,2,,,,,310,,,7,58,70,84,1,1,0,0,3,1,-4,-2,-2
518,バゼルアームβ,ばぜるあーむ,13,2250,2,,,,,310,,,7,58,70,84,3,0,0,0,3,1,-4,-2,-2
519,バゼルコイルβ,ばぜるこいる,14,3250,2,,,,,310,,,7,58,70,84,3,0,0,0,3,1,-4,-2,-2
520,バゼルグリーヴβ,ばぜるぐりーヴ,15,2390,2,,,,,310,,,7,58,70,84,3,0,0,0,3,1,-4,-2,-2
521,バンギスヘルムα,ばんぎすへるむ,11,2180,1,2030,1,,,,,,7,58,70,84,1,0,0,0,1,1,-3,2,-3
522,バンギスメイルα,ばんぎすめいる,12,4120,1,2030,1,,,,,,7,58,70,84,2,0,0,0,1,1,-3,2,-3
523,バンギスアームα,ばんぎすあーむ,13,2280,2,2180,1,,,,,,7,58,70,84,0,0,0,0,1,1,-3,2,-3
524,バンギスコイルα,ばんぎすこいる,14,2280,1,2030,1,,,,,,7,58,70,84,1,0,0,0,1,1,-3,2,-3
525,バンギスグリーヴα,ばんぎすぐりーヴ,15,4120,2,2180,1,,,,,,7,58,70,84,0,0,0,0,1,1,-3,2,-3
526,バンギスヘルムβ,ばんぎすへるむ,11,2180,1,,,,,,,,7,58,70,84,3,1,0,0,1,1,-3,2,-3
527,バンギスメイルβ,ばんぎすめいる,12,4120,1,,,,,,,,7,58,70,84,3,0,0,0,1,1,-3,2,-3
528,バンギスア-ムβ,ばんぎすあ−む,13,2280,2,,,,,,,,7,58,70,84,3,0,0,0,1,1,-3,2,-3
529,バンギスコイルβ,ばんぎすこいる,14,2280,1,,,,,,,,7,58,70,84,3,1,0,0,1,1,-3,2,-3
530,バンギスグリーヴβ,ばんぎすぐりーヴ,15,4120,2,,,,,,,,7,58,70,84,1,1,0,0,1,1,-3,2,-3
531,ダマスクヘルムα,だますくへるむ,11,3010,2,2350,1,,,,,,7,60,72,86,1,0,0,0,4,-2,0,0,0
532,ダマスクメイルα,だますくめいる,12,2290,2,3010,2,,,,,,7,60,72,86,1,0,0,0,4,-2,0,0,0
533,ダマスクアームα,だますくあーむ,13,2030,1,2350,1,,,,,,7,60,72,86,0,0,0,0,4,-2,0,0,0
534,ダマスクコイルα,だますくこいる,14,2290,1,3180,2,,,,,,7,60,72,86,1,0,0,0,4,-2,0,0,0
535,ダマスクグリーヴα,だますくぐりーヴ,15,3010,2,3180,1,,,,,,7,60,72,86,1,0,0,0,4,-2,0,0,0
536,ダマスクヘルムβ,だますくへるむ,11,3010,2,,,,,,,,7,60,72,86,3,0,0,0,4,-2,0,0,0
537,ダマスクメイルβ,だますくめいる,12,2290,2,,,,,,,,7,60,72,86,1,1,1,0,4,-2,0,0,0
538,ダマスクアームβ,だますくあーむ,13,2030,1,,,,,,,,7,60,72,86,1,0,0,0,4,-2,0,0,0
539,ダマスクコイルβ,だますくこいる,14,2290,1,,,,,,,,7,60,72,86,1,1,1,0,4,-2,0,0,0
540,ダマスクグリーヴβ,だますくぐりーヴ,15,3010,2,,,,,,,,7,60,72,86,3,0,0,0,4,-2,0,0,0
541,ドーベルヘルムα,どーべるへるむ,11,2200,1,3110,1,,,,,,7,60,72,86,0,0,0,0,-2,0,-1,-1,4
542,ドーベルメイルα,どーべるめいる,12,2010,2,4110,1,,,,,,7,60,72,86,1,0,0,0,-2,0,-1,-1,4
543,ドーベルアームα,どーべるあーむ,13,4030,2,4110,1,,,,,,7,60,72,86,0,0,0,0,-2,0,-1,-1,4
544,ドーベルコイルα,どーべるこいる,14,3110,2,2010,1,,,,,,7,60,72,86,2,0,0,0,-2,0,-1,-1,4
545,ドーベルグリーヴα,どーべるぐりーヴ,15,2010,2,4030,1,,,,,,7,60,72,86,0,0,0,0,-2,0,-1,-1,4
546,ドーベルヘルムβ,どーべるへるむ,11,2200,1,,,,,,,,7,60,72,86,1,0,0,0,-2,0,-1,-1,4
547,ドーベルメイルβ,どーべるめいる,12,2010,2,,,,,,,,7,60,72,86,3,0,0,0,-2,0,-1,-1,4
548,ドーベルアームβ,どーべるあーむ,13,4030,1,4110,1,,,,,,7,60,72,86,1,1,0,0,-2,0,-1,-1,4
549,ドーベルコイルβ,どーべるこいる,14,3110,2,,,,,,,,7,60,72,86,3,0,0,0,-2,0,-1,-1,4
550,ドーベルグリーヴβ,どーべるぐりーヴ,15,2010,2,,,,,,,,7,60,72,86,1,0,0,0,-2,0,-1,-1,4
551,ガンキンヘルムα,がんきんへるむ,11,3080,2,,,,,340,,,7,60,72,86,3,0,0,0,4,-3,1,-2,-2
552,ガンキンメイルα,がんきんめいる,12,2180,2,,,,,340,,,7,60,72,86,1,0,0,0,4,-3,1,-2,-2
553,ガンキンアームα,がんきんあーむ,13,3040,1,3010,1,,,340,,,7,60,72,86,1,0,0,0,4,-3,1,-2,-2
554,ガンキンコイルα,がんきんこいる,14,3080,1,2180,1,,,340,,,7,60,72,86,1,1,0,0,4,-3,1,-2,-2
555,ガンキングリーヴα,がんきんぐりーヴ,15,3040,2,,,,,340,,,7,60,72,86,1,0,0,0,4,-3,1,-2,-2
556,ガンキンヘルムβ,がんきんへるむ,11,3080,1,,,,,340,,,7,60,72,86,3,1,0,0,4,-3,1,-2,-2
557,ガンキンメイルβ,がんきんめいる,12,2180,1,,,,,340,,,7,60,72,86,3,0,0,0,4,-3,1,-2,-2
558,ガンキンアームβ,がんきんあーむ,13,3040,1,,,,,340,,,7,60,72,86,2,0,0,0,4,-3,1,-2,-2
559,ガンキンコイルβ,がんきんこいる,14,2180,1,,,,,340,,,7,60,72,86,2,1,0,0,4,-3,1,-2,-2
560,ガンキングリーヴβ,がんきんぐりーヴ,15,3040,1,,,,,340,,,7,60,72,86,3,0,0,0,4,-3,1,-2,-2
561,デスギアゲヒルα,ですぎあげひる,11,2360,1,2020,1,,,,,,7,62,74,88,2,0,0,0,3,2,-2,3,-4
562,デスギアムスケルα,ですぎあむすける,12,2370,1,2200,1,,,,,,7,62,74,88,0,0,0,0,3,2,-2,3,-4
563,デスギアファオストα,ですぎあふぁおすと,13,2290,1,2130,1,,,,,,7,62,74,88,1,0,0,0,3,2,-2,3,-4
564,デスギアナーベルα,ですぎあなーべる,14,2130,2,2290,1,,,,,,7,62,74,88,0,0,0,0,3,2,-2,3,-4
565,デスギアフェルゼα,ですぎあふぇるぜ,15,2030,2,2130,2,,,,,,7,62,74,88,0,0,0,0,3,2,-2,3,-4
566,デスギアゲヒルβ,ですぎあげひる,11,2360,1,,,,,,,,7,62,74,88,3,0,0,0,3,2,-2,3,-4
567,デスギアムスケルβ,ですぎあむすける,12,2370,1,,,,,,,,7,62,74,88,3,0,0,0,3,2,-2,3,-4
568,デスギアファオストβ,ですぎあふぁおすと,13,2290,2,,,,,,,,7,62,74,88,1,1,0,0,3,2,-2,3,-4
569,デスギアナーベルβ,ですぎあなーべる,14,2130,2,,,,,,,,7,62,74,88,1,1,0,0,3,2,-2,3,-4
570,デスギアフェルゼβ,ですぎあふぇるぜ,15,2030,2,,,,,,,,7,62,74,88,1,1,0,0,3,2,-2,3,-4
571,龍封じのピアスα,りゅうふうじのぴあす,11,2160,1,,,,,,,,7,60,72,86,0,0,0,0,0,0,0,0,0
572,スカルフェイスα,すかるふぇいす,11,2030,1,,,,,,,,7,64,76,90,2,0,0,0,-3,-1,-1,-1,2
573,ギルドクロスアクセα,ぎるどくろすあくせ,11,3020,2,3080,2,,,580,,,8,62,68,82,1,0,0,0,0,0,0,0,0
574,ギルドクロススーツα,ぎるどくろすすーつ,12,2360,1,3100,2,,,580,,,8,62,68,82,1,0,0,0,0,0,0,0,0
575,ギルドクロスアームα,ぎるどくろすあーむ,13,6190,1,3090,2,,,580,,,8,62,68,82,1,0,0,0,0,0,0,0,0
576,ギルドクロスコイルα,ぎるどくろすこいる,14,2370,1,3110,2,,,580,,,8,62,68,82,1,0,0,0,0,0,0,0,0
577,ギルドクロスブーツα,ぎるどくろすぶーつ,15,2410,1,3070,2,,,580,,,8,62,68,82,1,0,0,0,0,0,0,0,0
578,ギルドクロスアクセβ,ぎるどくろすあくせ,11,3020,2,,,,,580,,,8,62,68,82,1,1,1,0,0,0,0,0,0
579,ギルドクロススーツβ,ぎるどくろすすーつ,12,2360,1,,,,,580,,,8,62,68,82,3,0,0,0,0,0,0,0,0
580,ギルドクロスアームβ,ぎるどくろすあーむ,13,6190,1,,,,,580,,,8,62,68,82,3,0,0,0,0,0,0,0,0
581,ギルドクロスコイルβ,ぎるどくろすこいる,14,2370,1,,,,,580,,,8,62,68,82,1,1,1,0,0,0,0,0,0
582,ギルドクロスブーツβ,ぎるどくろすぶーつ,15,2410,1,,,,,580,,,8,62,68,82,3,0,0,0,0,0,0,0,0
583,オーグヘルムα,おーぐへるむ,11,2310,2,2010,1,,,490,,,8,64,70,84,1,0,0,0,1,1,-3,1,-3
584,オーグメイルα,おーぐめいる,12,4030,2,2270,1,,,490,,,8,64,70,84,1,0,0,0,1,1,-3,1,-3
585,オーグアームα,おーぐあーむ,13,2270,2,2010,1,,,490,,,8,64,70,84,0,0,0,0,1,1,-3,1,-3
586,オーグコイルα,おーぐこいる,14,2010,2,4030,1,,,490,,,8,64,70,84,0,0,0,0,1,1,-3,1,-3
587,オーググリーヴα,おーぐぐりーヴ,15,2310,1,2270,1,,,490,,,8,64,70,84,1,0,0,0,1,1,-3,1,-3
588,オーグヘルムβ,おーぐへるむ,11,2310,2,,,,,490,,,8,64,70,84,1,1,0,0,1,1,-3,1,-3
589,オーグメイルβ,おーぐめいる,12,4030,2,,,,,490,,,8,64,70,84,2,1,0,0,1,1,-3,1,-3
590,オーグアームβ,おーぐあーむ,13,2270,2,,,,,490,,,8,64,70,84,1,0,0,0,1,1,-3,1,-3
591,オーグコイルβ,おーぐこいる,14,2010,2,,,,,490,,,8,64,70,84,2,0,0,0,1,1,-3,1,-3
592,オーググリーヴβ,おーぐぐりーヴ,15,2310,1,,,,,490,,,8,64,70,84,2,0,0,0,1,1,-3,1,-3
593,ウルズヘルムα,うるずへるむ,11,2210,1,2130,2,,,460,,,8,64,70,84,0,0,0,0,-4,4,1,-1,-3
594,ウルズメイルα,うるずめいる,12,4080,1,2130,1,,,460,,,8,64,70,84,1,0,0,0,-4,4,1,-1,-3
595,ウルズアームα,うるずあーむ,13,2210,1,4080,1,,,460,,,8,64,70,84,1,0,0,0,-4,4,1,-1,-3
596,ウルズコイルα,うるずこいる,14,2210,1,3230,1,,,460,,,8,64,70,84,1,0,0,0,-4,4,1,-1,-3
597,ウルズグリーヴα,うるずぐりーヴ,15,3230,2,2130,1,,,460,,,8,64,70,84,1,0,0,0,-4,4,1,-1,-3
598,ウルズヘルムβ,うるずへるむ,11,2210,1,,,,,460,,,8,64,70,84,1,0,0,0,-4,4,1,-1,-3
599,ウルズメイルβ,うるずめいる,12,4080,2,,,,,460,,,8,64,70,84,1,1,0,0,-4,4,1,-1,-3
600,ウルズアームβ,うるずあーむ,13,2210,1,,,,,460,,,8,64,70,84,1,1,1,0,-4,4,1,-1,-3
601,ウルズコイルβ,うるずこいる,14,2210,1,,,,,460,,,8,64,70,84,1,1,0,0,-4,4,1,-1,-3
602,ウルズグリーヴβ,うるずぐりーヴ,15,3230,2,,,,,460,,,8,64,70,84,1,1,0,0,-4,4,1,-1,-3
603,クシャナアンクα,くしゃなあんく,11,2100,2,2030,1,,,370,,,8,64,70,84,0,0,0,0,0,2,-3,4,-2
604,クシャナディールα,くしゃなでぃーる,12,2030,2,2290,1,,,370,,,8,64,70,84,0,0,0,0,0,2,-3,4,-2
605,クシャナハトゥーα,くしゃなはとぅー,13,3050,2,2030,1,,,370,,,8,64,70,84,0,0,0,0,0,2,-3,4,-2
606,クシャナアンダα,くしゃなあんだ,14,2100,2,3060,1,,,370,,,8,64,70,84,0,0,0,0,0,2,-3,4,-2
607,クシャナペイルα,くしゃなぺいる,15,3060,2,2030,1,,,370,,,8,64,70,84,0,0,0,0,0,2,-3,4,-2
608,クシャナアンクβ,くしゃなあんく,11,2100,2,,,,,370,,,8,64,70,84,1,1,1,0,0,2,-3,4,-2
609,クシャナディールβ,くしゃなでぃーる,12,2030,2,,,,,370,,,8,64,70,84,2,0,0,0,0,2,-3,4,-2
610,クシャナハトゥーβ,くしゃなはとぅー,13,3050,2,,,,,370,,,8,64,70,84,3,0,0,0,0,2,-3,4,-2
611,クシャナアンダβ,くしゃなあんだ,14,2100,2,,,,,370,,,8,64,70,84,1,1,0,0,0,2,-3,4,-2
612,クシャナペイルβ,くしゃなぺいる,15,3060,2,,,,,370,,,8,64,70,84,3,0,0,0,0,2,-3,4,-2
613,カイザークラウンα,かいざーくらうん,11,2280,2,,,,,250,,,8,64,70,84,0,0,0,0,3,-3,1,-3,1
614,カイザーメイルα,かいざーめいる,12,5040,2,2280,1,,,250,,,8,64,70,84,0,0,0,0,3,-3,1,-3,1
615,カイザーアームα,かいざーあーむ,13,2260,2,,,,,250,,,8,64,70,84,1,0,0,0,3,-3,1,-3,1
616,カイザーコイルα,かいざーこいる,14,2150,2,2260,1,,,250,,,8,64,70,84,0,0,0,0,3,-3,1,-3,1
617,カイザーグリーヴα,かいざーぐりーヴ,15,2280,2,2150,1,,,250,,,8,64,70,84,0,0,0,0,3,-3,1,-3,1
618,カイザークラウンβ,かいざーくらうん,11,2280,1,,,,,250,,,8,64,70,84,2,0,0,0,3,-3,1,-3,1
619,カイザーメイルβ,かいざーめいる,12,5040,2,,,,,250,,,8,64,70,84,1,1,0,0,3,-3,1,-3,1
620,カイザーアームβ,かいざーあーむ,13,2260,1,,,,,250,,,8,64,70,84,3,0,0,0,3,-3,1,-3,1
621,カイザーコイルβ,かいざーこいる,14,2150,2,,,,,250,,,8,64,70,84,2,0,0,0,3,-3,1,-3,1
622,カイザーグリーヴβ,かいざーぐりーヴ,15,2280,2,,,,,250,,,8,64,70,84,1,0,0,0,3,-3,1,-3,1
623,キリンホーンα,きりんほーん,11,3020,1,4020,2,,,610,,,8,64,70,84,0,0,0,0,-3,-2,4,-2,2
624,キリンベストα,きりんべすと,12,4020,1,3020,2,,,610,,,8,64,70,84,0,0,0,0,-3,-2,4,-2,2
625,キリンアームロングα,きりんあーむろんぐ,13,2080,1,3020,2,,,610,,,8,64,70,84,0,0,0,0,-3,-2,4,-2,2
626,キリンフープα,きりんふーぷ,14,2200,1,3160,1,,,610,,,8,64,70,84,0,0,0,0,-3,-2,4,-2,2
627,キリンレガースα,きりんれがーす,15,3080,2,2200,2,,,610,,,8,64,70,84,0,0,0,0,-3,-2,4,-2,2
628,キリンホーンβ,きりんほーん,11,4020,2,,,,,610,,,8,64,70,84,1,0,0,0,-3,-2,4,-2,2
629,キリンベストβ,きりんべすと,12,3020,2,,,,,610,,,8,64,70,84,1,0,0,0,-3,-2,4,-2,2
630,キリンアームロングβ,きりんあーむろんぐ,13,3020,2,,,,,610,,,8,64,70,84,1,1,0,0,-3,-2,4,-2,2
631,キリンフープβ,きりんふーぷ,14,3160,1,,,,,610,,,8,64,70,84,1,1,1,0,-3,-2,4,-2,2
632,キリンレガースβ,きりんれがーす,15,2200,2,,,,,610,,,8,64,70,84,1,1,0,0,-3,-2,4,-2,2
633,シーカーヘッドα,しーかーへっど,11,6190,1,6010,1,,,640,,,8,70,76,90,1,0,0,0,2,2,2,2,2
634,シーカーベストα,しーかーべすと,12,4090,2,4040,1,,,640,,,8,70,76,90,0,0,0,0,2,2,2,2,2
635,シーカーグラブα,しーかーぐらぶ,13,6200,1,6020,1,,,640,,,8,70,76,90,1,0,0,0,2,2,2,2,2
636,シーカーベルトα,しーかーべると,14,4110,1,6100,1,,,640,,,8,70,76,90,1,0,0,0,2,2,2,2,2
637,シーカーパンツα,しーかーぱんつ,15,6160,2,2320,1,,,640,,,8,70,76,90,0,0,0,0,2,2,2,2,2
638,シーカーヘッドβ,しーかーへっど,11,6190,1,,,,,640,,,8,70,76,90,2,0,0,0,2,2,2,2,2
639,シーカーベストβ,しーかーべすと,12,4090,2,,,,,640,,,8,70,76,90,1,0,0,0,2,2,2,2,2
640,シーカーグラブβ,しーかーぐらぶ,13,6200,1,,,,,640,,,8,70,76,90,2,0,0,0,2,2,2,2,2
641,シーカーベルトβ,しーかーべると,14,4110,1,,,,,640,,,8,70,76,90,2,0,0,0,2,2,2,2,2
642,シーカーパンツβ,しーかーぱんつ,15,6160,2,,,,,640,,,8,70,76,90,2,0,0,0,2,2,2,2,2
643,ゼノラージヘッドα,ぜのらーじへっど,11,3030,1,5040,1,,,190,,,8,72,78,92,1,0,0,0,-3,2,2,2,-4
644,ゼノラージハイドα,ぜのらーじはいど,12,2300,2,3160,1,,,190,,,8,72,78,92,1,0,0,0,-3,2,2,2,-4
645,ゼノラージクロウα,ぜのらーじくろう,13,3030,1,2040,1,,,190,,,8,72,78,92,1,0,0,0,-3,2,2,2,-4
646,ゼノラージスパインα,ぜのらーじすぱいん,14,3160,2,5040,1,,,190,,,8,72,78,92,2,0,0,0,-3,2,2,2,-4
647,ゼノラージフットα,ぜのらーじふっと,15,3030,1,2300,1,,,190,,,8,72,78,92,1,0,0,0,-3,2,2,2,-4
648,ゼノラージヘッドβ,ぜのらーじへっど,11,3030,1,,,,,190,,,8,72,78,92,2,0,0,0,-3,2,2,2,-4
649,ゼノラージハイドβ,ぜのらーじはいど,12,2300,2,,,,,190,,,8,72,78,92,1,1,0,0,-3,2,2,2,-4
650,ゼノラージクロウβ,ぜのらーじくろう,13,3030,1,,,,,190,,,8,72,78,92,3,0,0,0,-3,2,2,2,-4
651,ゼノラージスパインβ,ぜのらーじすぱいん,14,3160,2,,,,,190,,,8,72,78,92,2,1,0,0,-3,2,2,2,-4
652,ゼノラージフットβ,ぜのらーじふっと,15,3030,1,,,,,190,,,8,72,78,92,1,1,0,0,-3,2,2,2,-4
653,竜王の隻眼α,りゅうおうのせきがん,11,2260,2,,,,,,,,8,70,76,90,3,0,0,0,0,0,0,0,0
654,パピオムテスタ,ぱぴおむてすた,11,4020,1,,,,,,,,3,22,50,74,0,0,0,0,-1,-1,2,0,2
655,パピオムペット,ぱぴおむぺっと,12,2020,1,,,,,,,,3,22,50,74,0,0,0,0,-1,-1,2,0,2
656,パピオムマーノ,ぱぴおむまーの,13,3010,1,,,,,,,,3,22,50,74,0,0,0,0,-1,-1,2,0,2
657,パピオムアンカ,ぱぴおむあんか,14,4060,1,,,,,,,,3,22,50,74,0,0,0,0,-1,-1,2,0,2
658,パピオムガンバ,ぱぴおむがんば,15,3120,1,,,,,,,,3,22,50,74,0,0,0,0,-1,-1,2,0,2
659,クインビートテスタ,くいんびーとてすた,11,4020,1,,,,,,,,3,22,50,74,0,0,0,0,-1,-1,2,0,2
660,クインビートペット,くいんびーとぺっと,12,2020,1,,,,,,,,3,22,50,74,0,0,0,0,-1,-1,2,0,2
661,クインビートマーノ,くいんびーとまーの,13,3010,1,,,,,,,,3,22,50,74,0,0,0,0,-1,-1,2,0,2
662,クインビートアンカ,くいんびーとあんか,14,4060,1,,,,,,,,3,22,50,74,0,0,0,0,-1,-1,2,0,2
663,クインビートガンバ,くいんびーとがんば,15,3120,1,,,,,,,,3,22,50,74,0,0,0,0,-1,-1,2,0,2
664,ブロッサムヘッド,ぶろっさむへっど,11,6030,1,,,,,,,,3,18,46,70,0,0,0,0,1,1,4,1,1
665,ブロッサムベスト,ぶろっさむべすと,12,2340,1,,,,,,,,3,18,46,70,0,0,0,0,1,1,4,1,1
666,ブロッサムカフス,ぶろっさむかふす,13,3140,1,,,,,,,,3,18,46,70,0,0,0,0,1,1,4,1,1
667,ブロッサムコート,ぶろっさむこーと,14,6130,1,,,,,,,,3,18,46,70,0,0,0,0,1,1,4,1,1
668,ブロッサムブーツ,ぶろっさむぶーつ,15,4080,1,,,,,,,,3,18,46,70,0,0,0,0,1,1,4,1,1
669,ブロッサムヘッドα,ぶろっさむへっど,11,6030,1,,,,,,,,5,40,62,78,1,1,0,0,1,1,4,1,1
670,ブロッサムベストα,ぶろっさむべすと,12,2340,1,,,,,,,,5,40,62,78,1,1,0,0,1,1,4,1,1
671,ブロッサムカフスα,ぶろっさむかふす,13,3140,1,,,,,,,,5,40,62,78,1,1,0,0,1,1,4,1,1
672,ブロッサムコートα,ぶろっさむこーと,14,6130,1,,,,,,,,5,40,62,78,1,1,0,0,1,1,4,1,1
673,ブロッサムブーツα,ぶろっさむぶーつ,15,4080,1,,,,,,,,5,40,62,78,1,1,0,0,1,1,4,1,1
674,マムガイラヘルムα,まむがいらへるむ,11,2200,1,2270,2,,,,,,8,72,78,92,1,0,0,0,4,-2,3,-4,-2
675,マムガイラメイルα,まむがいらめいる,12,3120,2,2040,2,,,,,,8,72,78,92,1,0,0,0,4,-2,3,-4,-2
676,マムガイラアームα,まむがいらあーむ,13,2200,1,2300,2,,,,,,8,72,78,92,1,0,0,0,4,-2,3,-4,-2
677,マムガイラコイルα,まむがいらこいる,14,2200,1,2030,2,,,,,,8,72,78,92,1,0,0,0,4,-2,3,-4,-2
678,マムガイラグリーヴα,まむがいらぐりーヴ,15,4090,2,2210,2,,,,,,8,72,78,92,1,0,0,0,4,-2,3,-4,-2
679,マムガイラヘルムβ,まむがいらへるむ,11,2200,1,2270,1,,,,,,8,72,78,92,2,1,0,0,4,-2,3,-4,-2
680,マムガイラメイルβ,まむがいらめいる,12,3120,2,2040,1,,,,,,8,72,78,92,3,1,0,0,4,-2,3,-4,-2
681,マムガイラアームβ,まむがいらあーむ,13,2200,1,2300,1,,,,,,8,72,78,92,3,1,0,0,4,-2,3,-4,-2
682,マムガイラコイルβ,まむがいらこいる,14,2200,1,2030,1,,,,,,8,72,78,92,3,1,0,0,4,-2,3,-4,-2
683,マムガイラグリーヴβ,まむがいらぐりーヴ,15,4090,2,2210,1,,,,,,8,72,78,92,2,1,0,0,4,-2,3,-4,-2
684,ダンテウィッグα,だんてうぃっぐ,11,2260,1,2020,1,,,,,,8,64,70,84,1,0,0,0,3,-3,3,-3,3
685,ダンテコートα,だんてこーと,12,3050,1,2020,1,,,,,,8,64,70,84,3,0,0,0,3,-3,3,-3,3
686,ダンテグローブα,だんてぐろーぶ,13,3050,1,5040,1,,,,,,8,64,70,84,3,0,0,0,3,-3,3,-3,3
687,ダンテベルトα,だんてべると,14,3050,1,2280,1,,,,,,8,64,70,84,3,0,0,0,3,-3,3,-3,3
688,ダンテレザーα,だんてれざー,15,2260,2,,,,,,,,8,64,70,84,1,1,0,0,3,-3,3,-3,3
689,蒼星ノ将【兜】α,そうせいのしょうかぶと,11,2270,1,,,,,160,280,,7,56,68,82,3,0,0,0,2,2,0,0,3
690,蒼星ノ将【鎧】α,そうせいのしょうよろい,12,2030,1,,,,,160,280,,7,56,68,82,2,0,0,0,2,2,0,0,3
691,蒼星ノ将【篭手】α,そうせいのしょうこて,13,4070,2,,,,,160,280,,7,56,68,82,3,0,0,0,2,2,0,0,3
692,蒼星ノ将【腰当】α,そうせいのしょうこしあて,14,2030,1,,,,,160,280,,7,56,68,82,2,0,0,0,2,2,0,0,3
693,蒼星ノ将【具足】α,そうせいのしょうぐそく,15,2040,1,,,,,160,280,,7,56,68,82,3,0,0,0,2,2,0,0,3
694,エンプレスセクターα,えんぷれすせくたー,11,3060,2,6190,1,,,440,290,,8,70,76,90,3,1,0,0,3,1,1,-3,-2
695,エンプレスメイルα,えんぷれすめいる,12,2210,2,4060,1,,,440,290,,8,70,76,90,1,1,0,0,3,1,1,-3,-2
696,エンプレスアームα,えんぷれすあーむ,13,4090,2,2150,2,,,440,290,,8,70,76,90,3,0,0,0,3,1,1,-3,-2
697,エンプレスコイルα,えんぷれすこいる,14,6190,2,2150,1,,,440,290,,8,70,76,90,2,1,0,0,3,1,1,-3,-2
698,エンプレスグリーヴα,えんぷれすぐりーヴ,15,4060,2,4090,2,,,440,290,,8,70,76,90,2,1,0,0,3,1,1,-3,-2
699,エンプレスセクターβ,えんぷれすせくたー,11,3060,2,,,,,440,290,,8,70,76,90,3,2,0,0,3,1,1,-3,-2
700,エンプレスメイルβ,えんぷれすめいる,12,2210,2,,,,,440,290,,8,70,76,90,1,1,1,0,3,1,1,-3,-2
701,エンプレスアームβ,えんぷれすあーむ,13,4090,2,,,,,440,290,,8,70,76,90,3,2,0,0,3,1,1,-3,-2
702,エンプレスコイルβ,えんぷれすこいる,14,6190,2,,,,,440,290,,8,70,76,90,2,2,0,0,3,1,1,-3,-2
703,エンプレスグリーヴβ,えんぷれすぐりーヴ,15,4060,2,,,,,440,290,,8,70,76,90,2,2,0,0,3,1,1,-3,-2
704,キリンホーンγ,きりんほーん,11,2080,3,3160,1,,,610,,,8,72,78,92,2,0,0,0,-3,-2,4,-2,2
705,キリンベストγ,きりんべすと,12,2200,2,,,,,610,,,8,72,78,92,1,1,0,0,-3,-2,4,-2,2
706,キリンアームロングγ,きりんあーむろんぐ,13,2200,1,3160,1,,,610,,,8,72,78,92,2,2,0,0,-3,-2,4,-2,2
707,キリンフープγ,きりんふーぷ,14,4020,2,,,,,610,,,8,72,78,92,1,1,0,0,-3,-2,4,-2,2
708,キリンレガースγ,きりんれがーす,15,2080,2,3160,1,,,610,,,8,72,78,92,3,0,0,0,-3,-2,4,-2,2
709,ウルズヘルムγ,うるずへるむ,11,4070,2,2130,1,,,460,,,8,72,78,92,3,0,0,0,-4,4,1,-1,-3
710,ウルズメイルγ,うるずめいる,12,2210,1,4070,1,,,460,,,8,72,78,92,3,0,0,0,-4,4,1,-1,-3
711,ウルズアームγ,うるずあーむ,13,2130,3,,,,,460,,,8,72,78,92,3,2,0,0,-4,4,1,-1,-3
712,ウルズコイルγ,うるずこいる,14,4080,2,2130,1,,,460,,,8,72,78,92,2,1,1,0,-4,4,1,-1,-3
713,ウルズグリーヴγ,うるずぐりーヴ,15,2210,1,4080,1,,,460,,,8,72,78,92,3,1,0,0,-4,4,1,-1,-3
714,ダイバーシュノ,だいばーしゅの,11,4020,1,,,,,,,,3,22,50,74,0,0,0,0,1,4,1,1,1
715,ダイバースーツ,だいばーすーつ,12,2020,1,,,,,,,,3,22,50,74,0,0,0,0,1,4,1,1,1
716,ダイバーアーム,だいばーあーむ,13,2340,1,,,,,,,,3,22,50,74,0,0,0,0,1,4,1,1,1
717,ダイバーベルト,だいばーべると,14,3210,1,,,,,,,,3,22,50,74,0,0,0,0,1,4,1,1,1
718,ダイバーブーツ,だいばーぶーつ,15,4050,1,,,,,,,,3,22,50,74,0,0,0,0,1,4,1,1,1
719,ダイバーシュノα,だいばーしゅの,11,4020,1,,,,,,,,5,46,68,84,2,0,0,0,1,4,1,1,1
720,ダイバースーツα,だいばーすーつ,12,2020,1,,,,,,,,5,46,68,84,2,0,0,0,1,4,1,1,1
721,ダイバーアームα,だいばーあーむ,13,2340,1,,,,,,,,5,46,68,84,2,0,0,0,1,4,1,1,1
722,ダイバーベルトα,だいばーべると,14,3210,1,,,,,,,,5,46,68,84,2,0,0,0,1,4,1,1,1
723,ダイバーブーツα,だいばーぶーつ,15,4050,1,,,,,,,,5,46,68,84,2,0,0,0,1,4,1,1,1
724,パピオムテスタα,ぱぴおむてすた,11,3120,2,3010,1,,,,,,5,42,64,80,1,0,0,0,-1,-1,2,0,2
725,パピオムペットα,ぱぴおむぺっと,12,4060,2,3120,1,,,,,,5,42,64,80,0,0,0,0,-1,-1,2,0,2
726,パピオムマーノα,ぱぴおむまーの,13,2020,2,4060,1,,,,,,5,42,64,80,0,0,0,0,-1,-1,2,0,2
727,パピオムアンカα,ぱぴおむあんか,14,3010,2,4020,1,,,,,,5,42,64,80,1,0,0,0,-1,-1,2,0,2
728,パピオムガンバα,ぱぴおむがんば,15,4020,2,2020,1,,,,,,5,42,64,80,0,0,0,0,-1,-1,2,0,2
729,パピオムテスタβ,ぱぴおむてすた,11,3120,2,,,,,,,,5,42,64,80,2,0,0,0,-1,-1,2,0,2
730,パピオムペットβ,ぱぴおむぺっと,12,4060,2,,,,,,,,5,42,64,80,1,0,0,0,-1,-1,2,0,2
731,パピオムマーノβ,ぱぴおむまーの,13,2020,2,,,,,,,,5,42,64,80,1,0,0,0,-1,-1,2,0,2
732,パピオムアンカβ,ぱぴおむあんか,14,3010,2,,,,,,,,5,42,64,80,1,0,0,0,-1,-1,2,0,2
733,パピオムガンバβ,ぱぴおむがんば,15,4020,2,,,,,,,,5,42,64,80,1,0,0,0,-1,-1,2,0,2
734,クインビートテスタα,くいんびーとてすた,11,3120,2,3010,1,,,,,,5,42,64,80,1,0,0,0,-1,-1,2,0,2
735,クインビートペットα,くいんびーとぺっと,12,4060,2,3120,1,,,,,,5,42,64,80,0,0,0,0,-1,-1,2,0,2
736,クインビートマーノα,くいんびーとまーの,13,2020,2,4060,1,,,,,,5,42,64,80,0,0,0,0,-1,-1,2,0,2
737,クインビートアンカα,くいんびーとあんか,14,3010,2,4020,1,,,,,,5,42,64,80,1,0,0,0,-1,-1,2,0,2
738,クインビートガンバα,くいんびーとがんば,15,4020,2,2020,1,,,,,,5,42,64,80,0,0,0,0,-1,-1,2,0,2
739,クインビートテスタβ,くいんびーとてすた,11,3120,2,,,,,,,,5,42,64,80,2,0,0,0,-1,-1,2,0,2
740,クインビートペットβ,くいんびーとぺっと,12,4060,2,,,,,,,,5,42,64,80,1,0,0,0,-1,-1,2,0,2
741,クインビートマーノβ,くいんびーとまーの,13,2020,2,,,,,,,,5,42,64,80,1,0,0,0,-1,-1,2,0,2
742,クインビートアンカβ,くいんびーとあんか,14,3010,2,,,,,,,,5,42,64,80,1,0,0,0,-1,-1,2,0,2
743,クインビートガンバβ,くいんびーとがんば,15,4020,2,,,,,,,,5,42,64,80,1,0,0,0,-1,-1,2,0,2
744,ドラケンアーメットα,どらけんあーめっと,11,2040,1,2410,1,,,670,260,,8,72,78,92,3,1,0,0,-2,-2,3,-2,4
745,ドラケンメイルα,どらけんめいる,12,2020,2,2040,1,,,670,260,,8,72,78,92,3,0,0,0,-2,-2,3,-2,4
746,ドラケンアームα,どらけんあーむ,13,2020,2,2010,1,,,670,260,,8,72,78,92,2,2,0,0,-2,-2,3,-2,4
747,ドラケンコイルα,どらけんこいる,14,2020,2,2300,1,,,670,260,,8,72,78,92,3,0,0,0,-2,-2,3,-2,4
748,ドラケングリーヴα,どらけんぐりーヴ,15,2010,2,2040,1,,,670,260,,8,72,78,92,2,0,0,0,-2,-2,3,-2,4
